{
   "IntendedFor": "anat/sub-C025_acq-MP2RAGE_run-01_T1w_desc-ratermean(intended)_afids/.nii.gz",
   "FiducialsCoordinateSystem": "RAS",
   "FiducialsCoordinateUnits": "mm",
   "FiducialsCoordinateSystemDescription": "RAS orientation: Origin halfway between LPA and RPA, positive x-axis towards RPA, positive y-axis orthogonal to x-axis through Nasion,  z-axis orthogonal to xy-plane, pointing in superior direction.",
   "FiducialsCoordinates": {
      "AC": [
         5.32244666666667,
         -5.24355,
         -20.0414
      ],
      "PC": [
         3.7729,
         -32.0174333333333,
         -26.2198
      ],
      "infracollicular sulcus": [
         3.24769333333333,
         -39.7766,
         -35.2095666666667
      ],
      "PMJ": [
         3.43161666666667,
         -25.0359666666667,
         -40.8858333333333
      ],
      "superior interpeduncular fossa": [
         4.45558333333333,
         -18.5423,
         -28.4967
      ],
      "R superior LMS": [
         15.1606666666667,
         -31.404,
         -32.5394666666667
      ],
      "L superior LMS": [
         -7.43019666666667,
         -30.8592,
         -32.0114666666667
      ],
      "R inferior LMS": [
         12.7348666666667,
         -33.1240333333333,
         -42.7037333333333
      ],
      "L inferior LMS": [
         -6.97898,
         -31.2706666666667,
         -42.2559
      ],
      "culmen": [
         2.81940666666667,
         -51.4765333333333,
         -28.073
      ],
      "intermammillary sulcus": [
         4.66731,
         -13.5934666666667,
         -31.2469
      ],
      "R MB": [
         6.65312333333333,
         -13.8113333333333,
         -30.2133
      ],
      "L MB": [
         2.78352,
         -13.5992666666667,
         -30.1752666666667
      ],
      "pineal gland": [
         3.64656666666667,
         -37.7400333333333,
         -24.5987
      ],
      "R LV at AC": [
         17.9087666666667,
         -11.2151666666667,
         2.65764333333333
      ],
      "L LV at AC": [
         -8.43595,
         -9.62635666666667,
         3.46081333333333
      ],
      "R LV at PC": [
         22.5507,
         -38.507,
         -3.26026
      ],
      "L LV at PC": [
         -14.6960333333333,
         -36.4010333333333,
         -3.26727
      ],
      "genu of CC": [
         6.45297666666667,
         19.3374333333333,
         -5.03583
      ],
      "splenium": [
         3.5845,
         -42.1960666666667,
         -21.5284666666667
      ],
      "R AL temporal horn": [
         35.4824,
         -4.82755333333333,
         -42.1678333333333
      ],
      "L AL temporal horn": [
         -25.8520333333333,
         -2.72929,
         -41.7494666666667
      ],
      "R superior AM temporal horn": [
         22.6637333333333,
         -16.5174333333333,
         -35.4082
      ],
      "L superior AM temporal horn": [
         -11.7395666666667,
         -14.3728,
         -34.5868666666667
      ],
      "R inferior AM temporal horn": [
         22.3203,
         -7.56483666666667,
         -41.5778333333333
      ],
      "L inferior AM temporal horn": [
         -14.0952333333333,
         -4.74211666666667,
         -41.1340666666667
      ],
      "R indusium griseum origin": [
         23.6235333333333,
         -45.0325666666667,
         -26.3544666666667
      ],
      "L indusium griseum origin": [
         -12.7107333333333,
         -44.0354666666667,
         -24.7869666666667
      ],
      "R ventral occipital horn": [
         20.6220333333333,
         -74.4159666666667,
         -28.1964
      ],
      "L ventral occipital horn": [
         -17.0222,
         -74.1296333333333,
         -29.5754333333333
      ],
      "R olfactory sulcal fundus": [
         17.0892666666667,
         9.88705666666667,
         -21.5587
      ],
      "L olfactory sulcal fundus": [
         -5.45058333333333,
         9.75624,
         -21.844
      ]
   }
}
