{
    "IntendedFor": "anat/sub-C001_acq-MP2RAGE_run-01_T1w.nii.gz",
    "FiducialsCoordinateSystem": "RAS",
    "FiducialsCoordinateUnits": "mm",
    "FiducialsCoordinateSystemDescription": "RAS orientation: Origin halfway between LPA and RPA, positive x-axis towards RPA, positive y-axis orthogonal to x-axis through Nasion,  z-axis orthogonal to xy-plane, pointing in superior direction.",
    "FiducialsCoordinates": {
        "AC": [
            0.604027666666667,
            17.9622333333333,
            -18.5943666666667
        ],
        "PC": [
            -0.192418333333333,
            -8.27689666666667,
            -22.3497333333333
        ],
        "infracollicular sulcus": [
            -0.724202666666667,
            -19.5578,
            -31.6769666666667
        ],
        "PMJ": [
            -0.859867,
            -8.27600333333333,
            -40.6508666666667
        ],
        "superior interpeduncular fossa": [
            0.0018659,
            3.13134666666667,
            -26.6714666666667
        ],
        "R superior LMS": [
            11.8237333333333,
            -8.33414333333333,
            -28.9753333333333
        ],
        "L superior LMS": [
            -13.2612,
            -8.96751,
            -28.9231
        ],
        "R inferior LMS": [
            9.06929,
            -11.5575666666667,
            -39.2737333333333
        ],
        "L inferior LMS": [
            -11.1082333333333,
            -11.2624333333333,
            -39.3149333333333
        ],
        "culmen": [
            -1.019218,
            -34.3644,
            -24.761
        ],
        "intermammillary sulcus": [
            0.116725766666667,
            8.52873,
            -28.4211333333333
        ],
        "R MB": [
            1.97893333333333,
            8.36705666666667,
            -28.1644
        ],
        "L MB": [
            -1.84155,
            8.17794333333333,
            -28.1243
        ],
        "pineal gland": [
            0.128831633333333,
            -13.2988333333333,
            -21.0248333333333
        ],
        "R LV at AC": [
            17.9509333333333,
            14.5429333333333,
            5.26253
        ],
        "L LV at AC": [
            -12.9389333333333,
            15.7323333333333,
            5.30775333333333
        ],
        "R LV at PC": [
            21.2265,
            -11.9152,
            0.656543666666667
        ],
        "L LV at PC": [
            -17.6887666666667,
            -11.1086666666667,
            2.24892333333333
        ],
        "genu of CC": [
            1.97961,
            49.5474,
            -10.433
        ],
        "splenium": [
            0.238346333333333,
            -18.3611666666667,
            -16.9943333333333
        ],
        "R AL temporal horn": [
            35.7667,
            14.0885333333333,
            -45.2783666666667
        ],
        "L AL temporal horn": [
            -36.1554333333333,
            12.4258,
            -38.3043
        ],
        "R superior AM temporal horn": [
            17.6803666666667,
            6.96732333333333,
            -34.8447333333333
        ],
        "L superior AM temporal horn": [
            -18.8127666666667,
            5.63311,
            -33.8477
        ],
        "R inferior AM temporal horn": [
            20.6074,
            14.2270333333333,
            -45.1250666666667
        ],
        "L inferior AM temporal horn": [
            -20.5148666666667,
            13.9870666666667,
            -40.9751333333333
        ],
        "R indusium griseum origin": [
            20.4385666666667,
            -22.5533,
            -21.6979
        ],
        "L indusium griseum origin": [
            -24.1576333333333,
            -23.7133666666667,
            -22.3132333333333
        ],
        "R ventral occipital horn": [
            16.7022333333333,
            -62.1386,
            -27.2044666666667
        ],
        "L ventral occipital horn": [
            -24.4753333333333,
            -61.7053333333333,
            -25.6967666666667
        ],
        "R olfactory sulcal fundus": [
            12.4465,
            30.3532,
            -25.8796333333333
        ],
        "L olfactory sulcal fundus": [
            -11.9849666666667,
            29.7790333333333,
            -25.6537666666667
        ]
    }
}
