{
    "IntendedFor": "anat/sub-C007_acq-MP2RAGE_run-01_T1w.nii.gz",
    "FiducialsCoordinateSystem": "RAS",
    "FiducialsCoordinateUnits": "mm",
    "FiducialsCoordinateSystemDescription": "RAS orientation: Origin halfway between LPA and RPA, positive x-axis towards RPA, positive y-axis orthogonal to x-axis through Nasion,  z-axis orthogonal to xy-plane, pointing in superior direction.",
    "FiducialsCoordinates": {
        "AC": [
            10.6851,
            8.41509333333333,
            -42.8677333333333
        ],
        "PC": [
            8.87135666666667,
            -15.7934,
            -51.1419666666667
        ],
        "infracollicular sulcus": [
            8.05848666666667,
            -24.4165333333333,
            -61.4682
        ],
        "PMJ": [
            8.44530333333333,
            -8.96792333333333,
            -64.7228
        ],
        "superior interpeduncular fossa": [
            9.65473,
            -3.93438333333333,
            -52.8959
        ],
        "R superior LMS": [
            19.6760666666667,
            -16.4915666666667,
            -56.8338
        ],
        "L superior LMS": [
            -3.22918,
            -14.4815333333333,
            -57.3623
        ],
        "R inferior LMS": [
            18.0664,
            -16.2202,
            -69.5468
        ],
        "L inferior LMS": [
            -2.00610333333333,
            -15.4255,
            -69.0910333333333
        ],
        "culmen": [
            8.28793,
            -41.2678,
            -55.6451666666667
        ],
        "intermammillary sulcus": [
            10.1882366666667,
            1.44509,
            -53.6712333333333
        ],
        "R MB": [
            11.9352666666667,
            2.04455,
            -54.1313333333333
        ],
        "L MB": [
            7.73958,
            1.90572333333333,
            -53.6140666666667
        ],
        "pineal gland": [
            8.30196666666667,
            -21.1786,
            -49.1158
        ],
        "R LV at AC": [
            22.0619666666667,
            -1.03482433333333,
            -19.4945666666667
        ],
        "L LV at AC": [
            -2.82152333333333,
            0.307054,
            -17.6237333333333
        ],
        "R LV at PC": [
            23.643,
            -24.9195,
            -27.4005666666667
        ],
        "L LV at PC": [
            -5.92398,
            -23.2511333333333,
            -25.7997
        ],
        "genu of CC": [
            13.1299,
            33.915,
            -26.1827666666667
        ],
        "splenium": [
            7.95943666666667,
            -26.5165666666667,
            -45.3047666666667
        ],
        "R AL temporal horn": [
            42.1183,
            4.62009,
            -62.4120666666667
        ],
        "L AL temporal horn": [
            -20.3290333333333,
            11.1598666666667,
            -60.3077333333333
        ],
        "R superior AM temporal horn": [
            27.2601666666667,
            -0.303004666666667,
            -58.3955666666667
        ],
        "L superior AM temporal horn": [
            -9.05251,
            1.48533766666667,
            -56.8262666666667
        ],
        "R inferior AM temporal horn": [
            30.1707666666667,
            11.7799666666667,
            -66.2014333333333
        ],
        "L inferior AM temporal horn": [
            -9.32468333333333,
            12.7430666666667,
            -62.6419333333333
        ],
        "R indusium griseum origin": [
            25.5343333333333,
            -32.0293,
            -51.3414666666667
        ],
        "L indusium griseum origin": [
            -4.09582,
            -30.5497,
            -50.7748666666667
        ],
        "R ventral occipital horn": [
            23.9316333333333,
            -66.6483,
            -63.4626
        ],
        "L ventral occipital horn": [
            -13.3859,
            -64.3638,
            -63.9640333333333
        ],
        "R olfactory sulcal fundus": [
            21.6997666666667,
            23.6485,
            -44.2611333333333
        ],
        "L olfactory sulcal fundus": [
            1.30608666666667,
            24.1766666666667,
            -44.1407333333333
        ]
    }
}
