{
   "IntendedFor": "anat/sub-C012_acq-MP2RAGE_run-01_T1w_desc-ratermean(intended)_afids/.nii.gz",
   "FiducialsCoordinateSystem": "RAS",
   "FiducialsCoordinateUnits": "mm",
   "FiducialsCoordinateSystemDescription": "RAS orientation: Origin halfway between LPA and RPA, positive x-axis towards RPA, positive y-axis orthogonal to x-axis through Nasion,  z-axis orthogonal to xy-plane, pointing in superior direction.",
   "FiducialsCoordinates": {
      "AC": [
         2.23295333333333,
         2.38980333333333,
         -26.8878333333333
      ],
      "PC": [
         2.13344333333333,
         -22.6595,
         -27.1043333333333
      ],
      "infracollicular sulcus": [
         2.27682,
         -32.4924333333333,
         -34.8478666666667
      ],
      "PMJ": [
         2.46174333333333,
         -20.2632,
         -43.3045666666667
      ],
      "superior interpeduncular fossa": [
         2.37164666666667,
         -10.9876,
         -32.7668666666667
      ],
      "R superior LMS": [
         14.1238,
         -22.3143666666667,
         -32.8889333333333
      ],
      "L superior LMS": [
         -9.52393,
         -23.1098333333333,
         -33.0079
      ],
      "R inferior LMS": [
         12.4450333333333,
         -25.4131333333333,
         -44.43
      ],
      "L inferior LMS": [
         -6.84981333333333,
         -27.0245666666667,
         -45.5229333333333
      ],
      "culmen": [
         1.46594266666667,
         -48.7869666666667,
         -27.3493
      ],
      "intermammillary sulcus": [
         2.56940333333333,
         -6.58089666666667,
         -36.0186666666667
      ],
      "R MB": [
         4.75109666666667,
         -6.71822333333333,
         -34.9365
      ],
      "L MB": [
         0.77659,
         -7.24019666666667,
         -34.7517333333333
      ],
      "pineal gland": [
         2.03586666666667,
         -31.6064333333333,
         -24.5177333333333
      ],
      "R LV at AC": [
         15.1422666666667,
         2.29825666666667,
         0.928594
      ],
      "L LV at AC": [
         -9.86259,
         2.25145666666667,
         -2.14761666666667
      ],
      "R LV at PC": [
         18.8522,
         -22.8131,
         -0.684772333333333
      ],
      "L LV at PC": [
         -14.2877666666667,
         -22.8822666666667,
         -0.603538333333333
      ],
      "genu of CC": [
         1.74831,
         31.5480666666667,
         -14.5526
      ],
      "splenium": [
         2.05991,
         -35.3586,
         -19.4226
      ],
      "R AL temporal horn": [
         34.3946333333333,
         -2.33052333333333,
         -45.3542333333333
      ],
      "L AL temporal horn": [
         -29.6159333333333,
         -5.37395,
         -44.7124333333333
      ],
      "R superior AM temporal horn": [
         19.5991,
         -7.32398666666667,
         -36.3918666666667
      ],
      "L superior AM temporal horn": [
         -13.3656,
         -9.16215,
         -38.1370333333333
      ],
      "R inferior AM temporal horn": [
         22.2606666666667,
         -3.48438333333333,
         -45.7661333333333
      ],
      "L inferior AM temporal horn": [
         -17.7179333333333,
         -4.47051333333333,
         -48.6526
      ],
      "R indusium griseum origin": [
         13.7031666666667,
         -35.7581666666667,
         -22.8530666666667
      ],
      "L indusium griseum origin": [
         -10.71537,
         -37.8743666666667,
         -23.2482666666667
      ],
      "R ventral occipital horn": [
         22.2728333333333,
         -70.8349,
         -24.7495
      ],
      "L ventral occipital horn": [
         -12.9202333333333,
         -76.2503,
         -25.6393666666667
      ],
      "R olfactory sulcal fundus": [
         11.3430666666667,
         14.9729,
         -33.4389666666667
      ],
      "L olfactory sulcal fundus": [
         -8.78057333333333,
         14.9648333333333,
         -34.5817666666667
      ]
   }
}
