{
   "IntendedFor": "anat/sub-C032_acq-MP2RAGE_run-01_T1w_desc-ratermean(intended)_afids/.nii.gz",
   "FiducialsCoordinateSystem": "RAS",
   "FiducialsCoordinateUnits": "mm",
   "FiducialsCoordinateSystemDescription": "RAS orientation: Origin halfway between LPA and RPA, positive x-axis towards RPA, positive y-axis orthogonal to x-axis through Nasion,  z-axis orthogonal to xy-plane, pointing in superior direction.",
   "FiducialsCoordinates": {
      "AC": [
         4.40870666666667,
         0.539424333333333,
         -28.0350666666667
      ],
      "PC": [
         3.23071333333333,
         -25.4406666666667,
         -31.7854333333333
      ],
      "infracollicular sulcus": [
         2.6907,
         -33.8765333333333,
         -41.8646666666667
      ],
      "PMJ": [
         3.64387666666667,
         -18.7282333333333,
         -46.4826666666667
      ],
      "superior interpeduncular fossa": [
         3.93513666666667,
         -11.1538666666667,
         -35.2099666666667
      ],
      "R superior LMS": [
         14.8035333333333,
         -25.2298333333333,
         -38.8883666666667
      ],
      "L superior LMS": [
         -8.25788,
         -25.0064333333333,
         -38.8995
      ],
      "R inferior LMS": [
         13.7385333333333,
         -25.6030666666667,
         -49.2570333333333
      ],
      "L inferior LMS": [
         -6.82164,
         -24.6536333333333,
         -49.5043333333333
      ],
      "culmen": [
         1.60367333333333,
         -50.1134333333333,
         -33.5603333333333
      ],
      "intermammillary sulcus": [
         4.08083,
         -6.78372,
         -38.7117
      ],
      "R MB": [
         6.30207666666667,
         -7.01808333333333,
         -37.9395666666667
      ],
      "L MB": [
         1.91741333333333,
         -6.82236333333333,
         -37.7622
      ],
      "pineal gland": [
         2.85997666666667,
         -30.6508666666667,
         -30.6638333333333
      ],
      "R LV at AC": [
         16.4238666666667,
         -3.41161666666667,
         -4.07728666666667
      ],
      "L LV at AC": [
         -9.63264333333333,
         -2.22908333333333,
         -2.91544666666667
      ],
      "R LV at PC": [
         20.4646333333333,
         -29.6976,
         -7.71205666666667
      ],
      "L LV at PC": [
         -13.5604,
         -28.2246666666667,
         -5.88674333333333
      ],
      "genu of CC": [
         5.74676,
         21.4367666666667,
         -15.0776
      ],
      "splenium": [
         3.17309333333333,
         -37.8600666666667,
         -28.6434333333333
      ],
      "R AL temporal horn": [
         35.6613,
         -2.83635,
         -48.0444
      ],
      "L AL temporal horn": [
         -25.966,
         -4.45128,
         -43.8685333333333
      ],
      "R superior AM temporal horn": [
         20.2574333333333,
         -9.61716666666667,
         -41.2992666666667
      ],
      "L superior AM temporal horn": [
         -12.5312333333333,
         -8.59869,
         -40.1983333333333
      ],
      "R inferior AM temporal horn": [
         23.095,
         -2.36456666666667,
         -48.0507333333333
      ],
      "L inferior AM temporal horn": [
         -12.8172666666667,
         -0.611740333333333,
         -48.1300666666667
      ],
      "R indusium griseum origin": [
         19.4864,
         -40.1617666666667,
         -31.9955666666667
      ],
      "L indusium griseum origin": [
         -11.41147,
         -41.8812666666667,
         -32.6575
      ],
      "R ventral occipital horn": [
         22.7322333333333,
         -73.6484666666667,
         -42.6273333333333
      ],
      "L ventral occipital horn": [
         -14.0488333333333,
         -76.9271,
         -47.7647
      ],
      "R olfactory sulcal fundus": [
         16.3376,
         16.7832333333333,
         -27.6158
      ],
      "L olfactory sulcal fundus": [
         -8.13239333333333,
         15.3373666666667,
         -30.4580666666667
      ]
   }
}
