{
   "IntendedFor": "anat/sub-C020_acq-MP2RAGE_run-01_T1w_desc-ratermean(intended)_afids/.nii.gz",
   "FiducialsCoordinateSystem": "RAS",
   "FiducialsCoordinateUnits": "mm",
   "FiducialsCoordinateSystemDescription": "RAS orientation: Origin halfway between LPA and RPA, positive x-axis towards RPA, positive y-axis orthogonal to x-axis through Nasion,  z-axis orthogonal to xy-plane, pointing in superior direction.",
   "FiducialsCoordinates": {
      "AC": [
         2.92919333333333,
         8.98126333333333,
         -15.8942
      ],
      "PC": [
         4.09382333333333,
         -17.8084333333333,
         -18.8172333333333
      ],
      "infracollicular sulcus": [
         3.79057333333333,
         -26.8566666666667,
         -28.4462666666667
      ],
      "PMJ": [
         2.94999666666667,
         -12.8853,
         -34.2888666666667
      ],
      "superior interpeduncular fossa": [
         3.04619333333333,
         -5.31025,
         -22.963
      ],
      "R superior LMS": [
         14.6925333333333,
         -15.8031,
         -25.2877
      ],
      "L superior LMS": [
         -7.00820333333333,
         -19.8909,
         -23.9921
      ],
      "R inferior LMS": [
         12.4816666666667,
         -19.0675333333333,
         -37.4550666666667
      ],
      "L inferior LMS": [
         -6.48890333333333,
         -19.6669666666667,
         -35.5322666666667
      ],
      "culmen": [
         4.70272666666667,
         -45.3142,
         -24.768
      ],
      "intermammillary sulcus": [
         2.9583,
         -0.1432673,
         -25.5842666666667
      ],
      "R MB": [
         4.93988333333333,
         0.767135,
         -25.2181666666667
      ],
      "L MB": [
         1.04974166666667,
         -0.525287,
         -24.4669
      ],
      "pineal gland": [
         4.73673333333333,
         -26.4011,
         -17.3818
      ],
      "R LV at AC": [
         17.8567,
         7.67115333333333,
         11.4240666666667
      ],
      "L LV at AC": [
         -8.94398333333333,
         6.36523333333333,
         12.0016333333333
      ],
      "R LV at PC": [
         21.0081,
         -19.1284666666667,
         11.1631666666667
      ],
      "L LV at PC": [
         -10.3636133333333,
         -20.6552,
         11.5475333333333
      ],
      "genu of CC": [
         2.76660666666667,
         33.2464666666667,
         -3.55482333333333
      ],
      "splenium": [
         5.19429,
         -33.7788666666667,
         -14.5572333333333
      ],
      "R AL temporal horn": [
         30.1436666666667,
         7.94912333333333,
         -38.3285
      ],
      "L AL temporal horn": [
         -26.9751666666667,
         0.672727766666667,
         -33.5531
      ],
      "R superior AM temporal horn": [
         16.8731,
         1.24036633333333,
         -28.5104
      ],
      "L superior AM temporal horn": [
         -12.6394333333333,
         -3.18557666666667,
         -26.5671666666667
      ],
      "R inferior AM temporal horn": [
         20.0604333333333,
         7.36048666666667,
         -37.2844666666667
      ],
      "L inferior AM temporal horn": [
         -15.0450333333333,
         2.97622,
         -35.0270333333333
      ],
      "R indusium griseum origin": [
         13.8288333333333,
         -34.5326666666667,
         -16.2171333333333
      ],
      "L indusium griseum origin": [
         -7.79669333333333,
         -40.0871666666667,
         -16.0114333333333
      ],
      "R ventral occipital horn": [
         21.0429333333333,
         -70.5946666666667,
         -21.8070666666667
      ],
      "L ventral occipital horn": [
         -11.3349666666667,
         -77.7274333333333,
         -24.7647
      ],
      "R olfactory sulcal fundus": [
         12.9929333333333,
         22.5855666666667,
         -22.8467333333333
      ],
      "L olfactory sulcal fundus": [
         -10.8036866666667,
         16.4860333333333,
         -23.1453333333333
      ]
   }
}
