{
    "IntendedFor": "anat/sub-C004_acq-MP2RAGE_run-01_T1w.nii.gz",
    "FiducialsCoordinateSystem": "RAS",
    "FiducialsCoordinateUnits": "mm",
    "FiducialsCoordinateSystemDescription": "RAS orientation: Origin halfway between LPA and RPA, positive x-axis towards RPA, positive y-axis orthogonal to x-axis through Nasion,  z-axis orthogonal to xy-plane, pointing in superior direction.",
    "FiducialsCoordinates": {
        "AC": [
            0.442492666666667,
            10.0110233333333,
            -28.8440666666667
        ],
        "PC": [
            0.475425333333333,
            -16.6574666666667,
            -35.5255
        ],
        "infracollicular sulcus": [
            0.285679666666667,
            -25.8624,
            -44.2009333333333
        ],
        "PMJ": [
            0.208160133333333,
            -12.0128,
            -50.4581666666667
        ],
        "superior interpeduncular fossa": [
            0.349223,
            -5.42693666666667,
            -37.3312
        ],
        "R superior LMS": [
            12.8815666666667,
            -15.5875333333333,
            -40.4029333333333
        ],
        "L superior LMS": [
            -12.4403333333333,
            -15.8042333333333,
            -40.9965666666667
        ],
        "R inferior LMS": [
            9.72627,
            -19.0016333333333,
            -52.3007
        ],
        "L inferior LMS": [
            -9.20273333333333,
            -18.3447333333333,
            -52.9180666666667
        ],
        "culmen": [
            -0.241373,
            -41.8303,
            -39.1073666666667
        ],
        "intermammillary sulcus": [
            0.511691,
            2.01241333333333,
            -38.1571
        ],
        "R MB": [
            2.92915,
            2.00351,
            -38.0582666666667
        ],
        "L MB": [
            -1.91175,
            1.61396333333333,
            -38.3066666666667
        ],
        "pineal gland": [
            0.831629,
            -23.6516333333333,
            -35.0088
        ],
        "R LV at AC": [
            17.6074,
            4.08515,
            -4.90533666666667
        ],
        "L LV at AC": [
            -13.0137,
            4.08569,
            -4.93573333333333
        ],
        "R LV at PC": [
            21.3960666666667,
            -22.3382,
            -11.9014
        ],
        "L LV at PC": [
            -17.3630666666667,
            -22.8138,
            -10.5837066666667
        ],
        "genu of CC": [
            1.68541,
            35.8258666666667,
            -17.7048333333333
        ],
        "splenium": [
            0.432518333333333,
            -30.2035666666667,
            -32.8257666666667
        ],
        "R AL temporal horn": [
            31.6579,
            4.50880666666667,
            -48.7838
        ],
        "L AL temporal horn": [
            -32.0618666666667,
            3.40318,
            -50.2612333333333
        ],
        "R superior AM temporal horn": [
            22.2611,
            0.494061,
            -43.4507666666667
        ],
        "L superior AM temporal horn": [
            -19.7701666666667,
            -1.23945043333333,
            -44.2524666666667
        ],
        "R inferior AM temporal horn": [
            21.2964666666667,
            5.01387666666667,
            -50.4633666666667
        ],
        "L inferior AM temporal horn": [
            -20.3676666666667,
            5.08678,
            -52.2040333333333
        ],
        "R indusium griseum origin": [
            12.9297,
            -30.0565,
            -35.9962666666667
        ],
        "L indusium griseum origin": [
            -16.5919,
            -35.6047666666667,
            -35.8992
        ],
        "R ventral occipital horn": [
            19.1458333333333,
            -71.2584,
            -45.7860333333333
        ],
        "L ventral occipital horn": [
            -18.8895,
            -71.0584333333333,
            -47.9879
        ],
        "R olfactory sulcal fundus": [
            13.0336333333333,
            24.7102,
            -32.5526
        ],
        "L olfactory sulcal fundus": [
            -12.556,
            25.8916666666667,
            -33.7171666666667
        ]
    }
}
