{
   "IntendedFor": "anat/sub-C011_acq-MP2RAGE_run-01_T1w_desc-ratermean(intended)_afids/.nii.gz",
   "FiducialsCoordinateSystem": "RAS",
   "FiducialsCoordinateUnits": "mm",
   "FiducialsCoordinateSystemDescription": "RAS orientation: Origin halfway between LPA and RPA, positive x-axis towards RPA, positive y-axis orthogonal to x-axis through Nasion,  z-axis orthogonal to xy-plane, pointing in superior direction.",
   "FiducialsCoordinates": {
      "AC": [
         1.48571666666667,
         1.67843,
         -22.2906333333333
      ],
      "PC": [
         1.44945333333333,
         -24.0080666666667,
         -28.6763333333333
      ],
      "infracollicular sulcus": [
         1.54113333333333,
         -31.7760333333333,
         -37.1221666666667
      ],
      "PMJ": [
         1.20429233333333,
         -17.0703666666667,
         -43.1139
      ],
      "superior interpeduncular fossa": [
         1.57402,
         -11.3688333333333,
         -31.8172666666667
      ],
      "R superior LMS": [
         13.8189333333333,
         -22.2501333333333,
         -35.1213
      ],
      "L superior LMS": [
         -10.6860466666667,
         -23.2136666666667,
         -34.633
      ],
      "R inferior LMS": [
         10.5434333333333,
         -22.7185,
         -46.7160666666667
      ],
      "L inferior LMS": [
         -9.38920333333333,
         -23.7745333333333,
         -47.8781666666667
      ],
      "culmen": [
         0.780393,
         -49.7010333333333,
         -33.8560666666667
      ],
      "intermammillary sulcus": [
         1.40729066666667,
         -4.81614666666667,
         -34.2818
      ],
      "R MB": [
         3.68822333333333,
         -4.93901666666667,
         -33.6844666666667
      ],
      "L MB": [
         -0.654909,
         -5.52737666666667,
         -33.1987
      ],
      "pineal gland": [
         1.37793,
         -32.5755,
         -28.7173666666667
      ],
      "R LV at AC": [
         18.3101666666667,
         -4.13128,
         2.02324333333333
      ],
      "L LV at AC": [
         -12.7517333333333,
         -4.19874666666667,
         2.22635666666667
      ],
      "R LV at PC": [
         19.1582,
         -30.4846,
         -2.03601333333333
      ],
      "L LV at PC": [
         -15.0325333333333,
         -30.2570333333333,
         -3.02493666666667
      ],
      "genu of CC": [
         1.73160666666667,
         26.1899333333333,
         -6.32541
      ],
      "splenium": [
         1.82790666666667,
         -35.2931666666667,
         -26.5701
      ],
      "R AL temporal horn": [
         32.1035333333333,
         1.8897412,
         -46.2000666666667
      ],
      "L AL temporal horn": [
         -30.5739,
         -2.096752,
         -42.2580666666667
      ],
      "R superior AM temporal horn": [
         16.732,
         -4.38348,
         -35.7231
      ],
      "L superior AM temporal horn": [
         -13.0181333333333,
         -5.22327,
         -35.3678666666667
      ],
      "R inferior AM temporal horn": [
         21.0869666666667,
         1.62425333333333,
         -45.2053
      ],
      "L inferior AM temporal horn": [
         -19.3589,
         0.498158333333333,
         -43.9695
      ],
      "R indusium griseum origin": [
         18.1177666666667,
         -39.7151666666667,
         -28.583
      ],
      "L indusium griseum origin": [
         -13.1829666666667,
         -42.3031333333333,
         -27.7782333333333
      ],
      "R ventral occipital horn": [
         19.4605333333333,
         -73.5424666666667,
         -39.1586333333333
      ],
      "L ventral occipital horn": [
         -14.7586333333333,
         -78.8503333333333,
         -41.1622333333333
      ],
      "R olfactory sulcal fundus": [
         13.5535,
         19.1704333333333,
         -21.2279
      ],
      "L olfactory sulcal fundus": [
         -11.2577,
         16.8269666666667,
         -22.948
      ]
   }
}
