{
    "IntendedFor": "anat/sub-C003_acq-MP2RAGE_run-01_T1w.nii.gz",
    "FiducialsCoordinateSystem": "RAS",
    "FiducialsCoordinateUnits": "mm",
    "FiducialsCoordinateSystemDescription": "RAS orientation: Origin halfway between LPA and RPA, positive x-axis towards RPA, positive y-axis orthogonal to x-axis through Nasion,  z-axis orthogonal to xy-plane, pointing in superior direction.",
    "FiducialsCoordinates": {
        "AC": [
            5.30423666666667,
            3.37469333333333,
            -15.5599666666667
        ],
        "PC": [
            5.34666333333333,
            -23.2746666666667,
            -19.7001
        ],
        "infracollicular sulcus": [
            6.18108666666667,
            -31.8301,
            -28.7899333333333
        ],
        "PMJ": [
            6.54034333333333,
            -18.1049,
            -34.4489
        ],
        "superior interpeduncular fossa": [
            5.50057666666667,
            -10.22208,
            -23.4403333333333
        ],
        "R superior LMS": [
            17.5667,
            -20.8897333333333,
            -24.3000666666667
        ],
        "L superior LMS": [
            -5.17537666666667,
            -24.1919666666667,
            -26.3237333333333
        ],
        "R inferior LMS": [
            16.8142,
            -23.7672333333333,
            -40.3266666666667
        ],
        "L inferior LMS": [
            -3.14235666666667,
            -24.7158,
            -39.6911333333333
        ],
        "culmen": [
            5.00746,
            -49.5909,
            -20.9507333333333
        ],
        "intermammillary sulcus": [
            5.63680666666667,
            -4.25255,
            -25.1787333333333
        ],
        "R MB": [
            8.1342,
            -4.20484666666667,
            -25.0106666666667
        ],
        "L MB": [
            3.63160666666667,
            -4.51294666666667,
            -25.4361
        ],
        "pineal gland": [
            5.14497333333333,
            -28.1417,
            -16.9988333333333
        ],
        "R LV at AC": [
            16.1173333333333,
            -0.269439,
            9.00073666666667
        ],
        "L LV at AC": [
            -9.92705,
            -0.131035666666667,
            6.49002
        ],
        "R LV at PC": [
            19.0156333333333,
            -27.2459333333333,
            6.60434333333333
        ],
        "L LV at PC": [
            -14.1570333333333,
            -27.0921333333333,
            5.45134
        ],
        "genu of CC": [
            4.63696666666667,
            26.8841666666667,
            -3.22281333333333
        ],
        "splenium": [
            5.00067,
            -36.6271333333333,
            -14.7978333333333
        ],
        "R AL temporal horn": [
            37.9334,
            0.257072666666667,
            -31.5278333333333
        ],
        "L AL temporal horn": [
            -24.8970333333333,
            -4.62077333333333,
            -35.6134666666667
        ],
        "R superior AM temporal horn": [
            22.2140666666667,
            -6.19070666666667,
            -26.4703666666667
        ],
        "L superior AM temporal horn": [
            -12.5497666666667,
            -9.25722,
            -28.6151333333333
        ],
        "R inferior AM temporal horn": [
            23.5383333333333,
            0.649727666666667,
            -32.8942666666667
        ],
        "L inferior AM temporal horn": [
            -14.32,
            -3.84632333333333,
            -36.2384
        ],
        "R indusium griseum origin": [
            16.9512333333333,
            -38.5076,
            -16.549
        ],
        "L indusium griseum origin": [
            -8.79190666666667,
            -41.3939,
            -20.3339
        ],
        "R ventral occipital horn": [
            22.2442666666667,
            -71.5011666666667,
            -26.7849333333333
        ],
        "L ventral occipital horn": [
            -12.3046666666667,
            -81.5203333333333,
            -33.1381666666667
        ],
        "R olfactory sulcal fundus": [
            18.2018333333333,
            21.9705666666667,
            -17.8793666666667
        ],
        "L olfactory sulcal fundus": [
            -6.23062666666667,
            20.5207666666667,
            -19.4998
        ]
    }
}
