{
   "IntendedFor": "anat/sub-C018_acq-MP2RAGE_run-01_T1w_desc-ratermean(intended)_afids/.nii.gz",
   "FiducialsCoordinateSystem": "RAS",
   "FiducialsCoordinateUnits": "mm",
   "FiducialsCoordinateSystemDescription": "RAS orientation: Origin halfway between LPA and RPA, positive x-axis towards RPA, positive y-axis orthogonal to x-axis through Nasion,  z-axis orthogonal to xy-plane, pointing in superior direction.",
   "FiducialsCoordinates": {
      "AC": [
         6.2143,
         -1.50292,
         -9.70680333333333
      ],
      "PC": [
         3.81779333333333,
         -26.4801,
         -11.5994666666667
      ],
      "infracollicular sulcus": [
         1.79356333333333,
         -37.1852,
         -18.4267333333333
      ],
      "PMJ": [
         2.61285,
         -22.9579333333333,
         -26.2085666666667
      ],
      "superior interpeduncular fossa": [
         4.20501666666667,
         -14.9105666666667,
         -16.8951333333333
      ],
      "R superior LMS": [
         13.5001666666667,
         -27.9390666666667,
         -18.8692333333333
      ],
      "L superior LMS": [
         -8.88089,
         -27.6655,
         -16.7076333333333
      ],
      "R inferior LMS": [
         12.0245666666667,
         -29.5803,
         -27.5459333333333
      ],
      "L inferior LMS": [
         -7.77769333333333,
         -27.9742666666667,
         -25.7172333333333
      ],
      "culmen": [
         -0.074876,
         -52.6672333333333,
         -10.0486866666667
      ],
      "intermammillary sulcus": [
         4.88852666666667,
         -9.90723333333333,
         -19.8321666666667
      ],
      "R MB": [
         6.26125,
         -9.76480666666667,
         -18.7689333333333
      ],
      "L MB": [
         3.24462333333333,
         -10.1786,
         -18.7390333333333
      ],
      "pineal gland": [
         3.54100333333333,
         -33.2852,
         -9.4061
      ],
      "R LV at AC": [
         18.9850333333333,
         -4.12951,
         10.8164933333333
      ],
      "L LV at AC": [
         -4.14200333333333,
         -1.98372333333333,
         11.33446
      ],
      "R LV at PC": [
         22.2969,
         -29.6383666666667,
         9.63950333333333
      ],
      "L LV at PC": [
         -11.9503666666667,
         -26.5349333333333,
         11.4777333333333
      ],
      "genu of CC": [
         9.29003333333333,
         22.7795666666667,
         2.41725666666667
      ],
      "splenium": [
         3.85978666666667,
         -33.3453,
         -6.11608333333333
      ],
      "R AL temporal horn": [
         35.2126,
         -5.49764,
         -30.7902
      ],
      "L AL temporal horn": [
         -26.5267333333333,
         -2.89057666666667,
         -26.376
      ],
      "R superior AM temporal horn": [
         20.3216,
         -11.2922333333333,
         -22.9832666666667
      ],
      "L superior AM temporal horn": [
         -12.7052,
         -9.87632666666667,
         -21.7279333333333
      ],
      "R inferior AM temporal horn": [
         22.9887,
         -3.95193,
         -30.7328
      ],
      "L inferior AM temporal horn": [
         -13.9783333333333,
         -1.761184,
         -28.2249333333333
      ],
      "R indusium griseum origin": [
         20.5113,
         -39.4562666666667,
         -8.65092
      ],
      "L indusium griseum origin": [
         -13.9696666666667,
         -40.1075,
         -7.80993
      ],
      "R ventral occipital horn": [
         19.7285333333333,
         -71.1347666666667,
         -12.5120333333333
      ],
      "L ventral occipital horn": [
         -19.8448666666667,
         -75.0812666666667,
         -17.1158333333333
      ],
      "R olfactory sulcal fundus": [
         18.8151666666667,
         15.2245666666667,
         -12.2707
      ],
      "L olfactory sulcal fundus": [
         -3.84632333333333,
         13.2583,
         -12.0595666666667
      ]
   }
}
