{
   "IntendedFor": "anat/sub-C030_acq-MP2RAGE_run-01_T1w_desc-ratermean(intended)_afids/.nii.gz",
   "FiducialsCoordinateSystem": "RAS",
   "FiducialsCoordinateUnits": "mm",
   "FiducialsCoordinateSystemDescription": "RAS orientation: Origin halfway between LPA and RPA, positive x-axis towards RPA, positive y-axis orthogonal to x-axis through Nasion,  z-axis orthogonal to xy-plane, pointing in superior direction.",
   "FiducialsCoordinates": {
      "AC": [
         6.21027666666667,
         12.0100333333333,
         -19.6901
      ],
      "PC": [
         4.64247666666667,
         -16.0484,
         -21.6870666666667
      ],
      "infracollicular sulcus": [
         3.56679666666667,
         -23.8360333333333,
         -30.0154
      ],
      "PMJ": [
         3.73777,
         -9.75754333333333,
         -36.595
      ],
      "superior interpeduncular fossa": [
         5.16306666666667,
         -1.265081,
         -25.6555333333333
      ],
      "R superior LMS": [
         15.1799666666667,
         -14.9483,
         -27.9837333333333
      ],
      "L superior LMS": [
         -6.44014333333333,
         -15.0033,
         -27.0106666666667
      ],
      "R inferior LMS": [
         12.7973666666667,
         -14.9012333333333,
         -40.1058
      ],
      "L inferior LMS": [
         -5.76811333333333,
         -14.5451666666667,
         -37.4098
      ],
      "culmen": [
         2.85528,
         -40.3926,
         -24.8004
      ],
      "intermammillary sulcus": [
         5.43892666666667,
         3.2184,
         -27.7517666666667
      ],
      "R MB": [
         7.48982666666667,
         3.32084666666667,
         -27.1547333333333
      ],
      "L MB": [
         3.25016666666667,
         2.82604,
         -26.6935
      ],
      "pineal gland": [
         4.26696333333333,
         -21.7100333333333,
         -20.0517666666667
      ],
      "R LV at AC": [
         22.661,
         9.32796333333333,
         7.78473333333333
      ],
      "L LV at AC": [
         -7.37922333333333,
         10.7329666666667,
         8.72518
      ],
      "R LV at PC": [
         20.9832666666667,
         -18.774,
         6.13621333333333
      ],
      "L LV at PC": [
         -11.0065333333333,
         -17.0532,
         6.86120666666667
      ],
      "genu of CC": [
         7.91746,
         38.5736,
         -5.92377
      ],
      "splenium": [
         3.56965666666667,
         -26.5969666666667,
         -15.8189
      ],
      "R AL temporal horn": [
         34.7109333333333,
         9.94578333333333,
         -43.6562
      ],
      "L AL temporal horn": [
         -25.2287,
         8.53684,
         -38.3758
      ],
      "R superior AM temporal horn": [
         22.1629333333333,
         3.91877333333333,
         -33.5810333333333
      ],
      "L superior AM temporal horn": [
         -13.6998666666667,
         2.06987,
         -29.7989666666667
      ],
      "R inferior AM temporal horn": [
         23.1915,
         10.9722666666667,
         -42.1964666666667
      ],
      "L inferior AM temporal horn": [
         -13.0896,
         10.9259333333333,
         -39.3176666666667
      ],
      "R indusium griseum origin": [
         14.1867666666667,
         -29.3255666666667,
         -21.6747333333333
      ],
      "L indusium griseum origin": [
         -7.99522,
         -30.6126,
         -20.9352666666667
      ],
      "R ventral occipital horn": [
         15.1492333333333,
         -71.2974666666667,
         -28.6961333333333
      ],
      "L ventral occipital horn": [
         -20.2525666666667,
         -72.1288333333333,
         -25.7767333333333
      ],
      "R olfactory sulcal fundus": [
         18.7371,
         29.0513333333333,
         -22.9326666666667
      ],
      "L olfactory sulcal fundus": [
         -5.46917,
         25.1309666666667,
         -23.8162333333333
      ]
   }
}
