{
    "IntendedFor": "anat/sub-C002_acq-MP2RAGE_run-01_T1w.nii.gz",
    "FiducialsCoordinateSystem": "RAS",
    "FiducialsCoordinateUnits": "mm",
    "FiducialsCoordinateSystemDescription": "RAS orientation: Origin halfway between LPA and RPA, positive x-axis towards RPA, positive y-axis orthogonal to x-axis through Nasion,  z-axis orthogonal to xy-plane, pointing in superior direction.",
    "FiducialsCoordinates": {
        "AC": [
            2.35663333333333,
            2.07605666666667,
            -33.7504666666667
        ],
        "PC": [
            1.39612666666667,
            -20.9331666666667,
            -45.6151333333333
        ],
        "infracollicular sulcus": [
            0.739668,
            -27.4175333333333,
            -57.3243666666667
        ],
        "PMJ": [
            1.091673,
            -12.0946333333333,
            -59.7618
        ],
        "superior interpeduncular fossa": [
            1.59677333333333,
            -8.0261,
            -46.5869333333333
        ],
        "R superior LMS": [
            12.467,
            -19.1122666666667,
            -51.6220666666667
        ],
        "L superior LMS": [
            -9.94431333333333,
            -18.5204,
            -51.5822
        ],
        "R inferior LMS": [
            11.0976333333333,
            -18.7887333333333,
            -64.4672
        ],
        "L inferior LMS": [
            -8.5971,
            -18.6525333333333,
            -64.0864333333333
        ],
        "culmen": [
            -0.0783327,
            -41.7432666666667,
            -53.5121666666667
        ],
        "intermammillary sulcus": [
            1.5925,
            -2.35491333333333,
            -46.6575666666667
        ],
        "R MB": [
            3.53718666666667,
            -1.79287333333333,
            -46.5067666666667
        ],
        "L MB": [
            -0.3329712,
            -2.32307333333333,
            -46.7154666666667
        ],
        "pineal gland": [
            0.642369,
            -27.2987333333333,
            -45.8272
        ],
        "R LV at AC": [
            17.6938,
            -9.96893,
            -11.5947666666667
        ],
        "L LV at AC": [
            -10.8126,
            -9.54950333333333,
            -10.7815333333333
        ],
        "R LV at PC": [
            19.4148333333333,
            -33.8308,
            -24.8008333333333
        ],
        "L LV at PC": [
            -16.7727666666667,
            -33.69,
            -22.1471666666667
        ],
        "genu of CC": [
            2.87744,
            21.0985,
            -12.203
        ],
        "splenium": [
            1.14927966666667,
            -32.532,
            -44.9115
        ],
        "R AL temporal horn": [
            31.3844,
            9.31299333333333,
            -55.1508
        ],
        "L AL temporal horn": [
            -30.6936,
            6.83927666666667,
            -52.2579666666667
        ],
        "R superior AM temporal horn": [
            14.4752333333333,
            0.1435893,
            -49.6442666666667
        ],
        "L superior AM temporal horn": [
            -14.2624666666667,
            -2.49192333333333,
            -49.9031333333333
        ],
        "R inferior AM temporal horn": [
            19.9424333333333,
            10.0304266666667,
            -55.6134666666667
        ],
        "L inferior AM temporal horn": [
            -17.9345666666667,
            8.00972,
            -55.439
        ],
        "R indusium griseum origin": [
            20.8620333333333,
            -37.2322666666667,
            -49.0893333333333
        ],
        "L indusium griseum origin": [
            -16.4192666666667,
            -37.1535,
            -47.6031666666667
        ],
        "R ventral occipital horn": [
            16.4179,
            -68.5206,
            -67.2266666666667
        ],
        "L ventral occipital horn": [
            -19.6956333333333,
            -69.3661666666667,
            -66.2126
        ],
        "R olfactory sulcal fundus": [
            14.0363333333333,
            19.2533333333333,
            -30.2592666666667
        ],
        "L olfactory sulcal fundus": [
            -8.35297333333333,
            18.4613,
            -31.7304
        ]
    }
}
