{
   "IntendedFor": "anat/sub-C015_acq-MP2RAGE_run-01_T1w_desc-ratermean(intended)_afids/.nii.gz",
   "FiducialsCoordinateSystem": "RAS",
   "FiducialsCoordinateUnits": "mm",
   "FiducialsCoordinateSystemDescription": "RAS orientation: Origin halfway between LPA and RPA, positive x-axis towards RPA, positive y-axis orthogonal to x-axis through Nasion,  z-axis orthogonal to xy-plane, pointing in superior direction.",
   "FiducialsCoordinates": {
      "AC": [
         2.35087,
         -6.50407666666667,
         -5.19052
      ],
      "PC": [
         2.26638,
         -31.8749333333333,
         -11.0123666666667
      ],
      "infracollicular sulcus": [
         2.56262,
         -39.8413333333333,
         -19.7586666666667
      ],
      "PMJ": [
         2.75603333333333,
         -25.3388333333333,
         -24.3520666666667
      ],
      "superior interpeduncular fossa": [
         2.45389333333333,
         -18.5231666666667,
         -14.0407666666667
      ],
      "R superior LMS": [
         14.2384,
         -29.2822333333333,
         -16.6078333333333
      ],
      "L superior LMS": [
         -10.5601,
         -29.8204333333333,
         -17.5933333333333
      ],
      "R inferior LMS": [
         13.2040333333333,
         -31.3663,
         -26.2014
      ],
      "L inferior LMS": [
         -7.50954666666667,
         -32.0072666666667,
         -26.5936
      ],
      "culmen": [
         1.61168933333333,
         -52.2885333333333,
         -14.4107666666667
      ],
      "intermammillary sulcus": [
         2.47300666666667,
         -13.4291,
         -14.9914333333333
      ],
      "R MB": [
         4.28909333333333,
         -13.6177333333333,
         -13.9724333333333
      ],
      "L MB": [
         0.400796,
         -13.8745333333333,
         -14.6959666666667
      ],
      "pineal gland": [
         2.20158,
         -38.9152666666667,
         -7.77583333333333
      ],
      "R LV at AC": [
         16.2771333333333,
         -11.9754666666667,
         18.4747666666667
      ],
      "L LV at AC": [
         -13.4325333333333,
         -11.6012333333333,
         17.4163666666667
      ],
      "R LV at PC": [
         22.4433333333333,
         -36.5362,
         10.32467
      ],
      "L LV at PC": [
         -18.2246,
         -36.6348666666667,
         11.1797666666667
      ],
      "genu of CC": [
         2.27222,
         16.434,
         8.30907333333333
      ],
      "splenium": [
         2.02913,
         -37.1753,
         -4.05507
      ],
      "R AL temporal horn": [
         36.3642333333333,
         -7.01736,
         -23.0203333333333
      ],
      "L AL temporal horn": [
         -31.3708,
         -11.2864166666667,
         -24.0103333333333
      ],
      "R superior AM temporal horn": [
         17.4364666666667,
         -11.2872,
         -17.5303333333333
      ],
      "L superior AM temporal horn": [
         -12.8764333333333,
         -12.3964666666667,
         -19.4980333333333
      ],
      "R inferior AM temporal horn": [
         22.6059666666667,
         -3.34043333333333,
         -26.9592
      ],
      "L inferior AM temporal horn": [
         -18.1532333333333,
         -5.86233,
         -27.5872
      ],
      "R indusium griseum origin": [
         18.2624,
         -40.6149666666667,
         -6.56134333333333
      ],
      "L indusium griseum origin": [
         -15.7790666666667,
         -43.4652333333333,
         -9.35623333333333
      ],
      "R ventral occipital horn": [
         22.5599333333333,
         -69.2184333333333,
         -13.1474333333333
      ],
      "L ventral occipital horn": [
         -20.2386,
         -71.0310666666667,
         -16.6877
      ],
      "R olfactory sulcal fundus": [
         14.0229666666667,
         9.56026333333333,
         -6.11295666666667
      ],
      "L olfactory sulcal fundus": [
         -10.1454,
         8.82214333333333,
         -7.06675666666667
      ]
   }
}
