{
    "IntendedFor": "anat/sub-C005_acq-MP2RAGE_run-01_T1w.nii.gz",
    "FiducialsCoordinateSystem": "RAS",
    "FiducialsCoordinateUnits": "mm",
    "FiducialsCoordinateSystemDescription": "RAS orientation: Origin halfway between LPA and RPA, positive x-axis towards RPA, positive y-axis orthogonal to x-axis through Nasion,  z-axis orthogonal to xy-plane, pointing in superior direction.",
    "FiducialsCoordinates": {
        "AC": [
            4.53205666666667,
            6.62203666666667,
            -14.6986
        ],
        "PC": [
            2.26598666666667,
            -18.1566,
            -17.9070666666667
        ],
        "infracollicular sulcus": [
            1.02399933333333,
            -28.1045333333333,
            -26.3286666666667
        ],
        "PMJ": [
            2.25946,
            -14.7986333333333,
            -32.7533
        ],
        "superior interpeduncular fossa": [
            3.32594333333333,
            -7.27991666666667,
            -22.2334666666667
        ],
        "R superior LMS": [
            13.9958,
            -19.5182,
            -24.5842666666667
        ],
        "L superior LMS": [
            -9.24063,
            -17.6269666666667,
            -24.4835
        ],
        "R inferior LMS": [
            11.3927333333333,
            -23.4890333333333,
            -35.4154
        ],
        "L inferior LMS": [
            -8.87235666666667,
            -22.2738,
            -36.0168
        ],
        "culmen": [
            -1.73884333333333,
            -49.3281333333333,
            -22.3646333333333
        ],
        "intermammillary sulcus": [
            3.72019,
            -2.39433,
            -24.0568
        ],
        "R MB": [
            5.84912333333333,
            -2.40615333333333,
            -23.9282
        ],
        "L MB": [
            1.82883333333333,
            -2.37567666666667,
            -23.9590333333333
        ],
        "pineal gland": [
            1.51980666666667,
            -24.2488666666667,
            -16.9277333333333
        ],
        "R LV at AC": [
            20.6228333333333,
            0.959240666666667,
            18.2201333333333
        ],
        "L LV at AC": [
            -10.3299,
            3.50392666666667,
            18.5514666666667
        ],
        "R LV at PC": [
            19.4246333333333,
            -24.1129666666667,
            16.6995666666667
        ],
        "L LV at PC": [
            -14.5909666666667,
            -21.1600666666667,
            14.8609333333333
        ],
        "genu of CC": [
            8.89634,
            38.5846666666667,
            2.13918466666667
        ],
        "splenium": [
            -0.533685666666667,
            -35.5911,
            -14.9674666666667
        ],
        "R AL temporal horn": [
            35.5566333333333,
            1.533696,
            -35.8098333333333
        ],
        "L AL temporal horn": [
            -28.6743666666667,
            3.55338333333333,
            -31.8024666666667
        ],
        "R superior AM temporal horn": [
            19.772,
            -4.82771333333333,
            -28.4749333333333
        ],
        "L superior AM temporal horn": [
            -13.2043666666667,
            -2.70970666666667,
            -28.8457333333333
        ],
        "R inferior AM temporal horn": [
            20.5506666666667,
            2.24120766666667,
            -35.4281333333333
        ],
        "L inferior AM temporal horn": [
            -13.2118,
            5.40454666666667,
            -35.4383
        ],
        "R indusium griseum origin": [
            11.1187666666667,
            -33.2439333333333,
            -19.5341333333333
        ],
        "L indusium griseum origin": [
            -11.2300333333333,
            -32.7712,
            -20.3541
        ],
        "R ventral occipital horn": [
            13.0696333333333,
            -75.7953,
            -23.9139333333333
        ],
        "L ventral occipital horn": [
            -20.8883,
            -71.2938333333333,
            -22.1712
        ],
        "R olfactory sulcal fundus": [
            18.0327333333333,
            23.2168333333333,
            -16.1828666666667
        ],
        "L olfactory sulcal fundus": [
            -4.74618333333333,
            23.2148333333333,
            -17.666
        ]
    }
}
