{
    "IntendedFor": "anat/sub-C008_acq-MP2RAGE_run-01_T1w.nii.gz",
    "FiducialsCoordinateSystem": "RAS",
    "FiducialsCoordinateUnits": "mm",
    "FiducialsCoordinateSystemDescription": "RAS orientation: Origin halfway between LPA and RPA, positive x-axis towards RPA, positive y-axis orthogonal to x-axis through Nasion,  z-axis orthogonal to xy-plane, pointing in superior direction.",
    "FiducialsCoordinates": {
        "AC": [
            1.23910666666667,
            4.76498666666667,
            -7.77774333333333
        ],
        "PC": [
            1.78681333333333,
            -19.2255333333333,
            -16.8475
        ],
        "infracollicular sulcus": [
            1.92574666666667,
            -28.0334666666667,
            -28.4378666666667
        ],
        "PMJ": [
            2.42059666666667,
            -13.6507,
            -31.8130666666667
        ],
        "superior interpeduncular fossa": [
            1.78011,
            -8.19257,
            -18.8241
        ],
        "R superior LMS": [
            14.3821,
            -18.8446333333333,
            -21.4968666666667
        ],
        "L superior LMS": [
            -10.04274,
            -19.3570666666667,
            -23.8169
        ],
        "R inferior LMS": [
            12.6472333333333,
            -20.3892666666667,
            -36.9496
        ],
        "L inferior LMS": [
            -8.28921333333333,
            -20.2483666666667,
            -37.4794666666667
        ],
        "culmen": [
            1.62266,
            -43.9013666666667,
            -28.3296333333333
        ],
        "intermammillary sulcus": [
            1.80272,
            -3.15785,
            -18.168
        ],
        "R MB": [
            3.52709,
            -2.49037666666667,
            -18.8743
        ],
        "L MB": [
            0.244815033333333,
            -2.62828666666667,
            -18.0353
        ],
        "pineal gland": [
            1.86020333333333,
            -25.2502333333333,
            -17.4386666666667
        ],
        "R LV at AC": [
            14.1108,
            -2.30249866666667,
            14.8546666666667
        ],
        "L LV at AC": [
            -12.7161333333333,
            -3.49984666666667,
            15.5131333333333
        ],
        "R LV at PC": [
            18.3646333333333,
            -27.6425333333333,
            7.51146
        ],
        "L LV at PC": [
            -16.4013,
            -29.2949333333333,
            7.29797333333333
        ],
        "genu of CC": [
            3.84835666666667,
            31.7058333333333,
            6.01035666666667
        ],
        "splenium": [
            1.76172,
            -31.1116,
            -17.0877666666667
        ],
        "R AL temporal horn": [
            35.8573666666667,
            9.11748,
            -32.858
        ],
        "L AL temporal horn": [
            -32.9266,
            3.65025,
            -30.2223333333333
        ],
        "R superior AM temporal horn": [
            19.9034666666667,
            -2.63278,
            -23.8591666666667
        ],
        "L superior AM temporal horn": [
            -17.1178333333333,
            -3.13003333333333,
            -22.5034333333333
        ],
        "R inferior AM temporal horn": [
            22.7053333333333,
            9.13319333333333,
            -33.9308333333333
        ],
        "L inferior AM temporal horn": [
            -19.4017,
            2.56162666666667,
            -32.0309
        ],
        "R indusium griseum origin": [
            17.9530333333333,
            -34.2945666666667,
            -19.2238666666667
        ],
        "L indusium griseum origin": [
            -15.4944666666667,
            -39.3341,
            -21.2694333333333
        ],
        "R ventral occipital horn": [
            21.2457666666667,
            -67.7512333333333,
            -27.8347666666667
        ],
        "L ventral occipital horn": [
            -13.2957333333333,
            -73.6336333333333,
            -35.3190333333333
        ],
        "R olfactory sulcal fundus": [
            14.2284666666667,
            21.3177666666667,
            -10.05968
        ],
        "L olfactory sulcal fundus": [
            -11.8106666666667,
            19.7359666666667,
            -11.2011666666667
        ]
    }
}
