{
   "IntendedFor": "anat/sub-C019_acq-MP2RAGE_run-01_T1w_desc-ratermean(intended)_afids/.nii.gz",
   "FiducialsCoordinateSystem": "RAS",
   "FiducialsCoordinateUnits": "mm",
   "FiducialsCoordinateSystemDescription": "RAS orientation: Origin halfway between LPA and RPA, positive x-axis towards RPA, positive y-axis orthogonal to x-axis through Nasion,  z-axis orthogonal to xy-plane, pointing in superior direction.",
   "FiducialsCoordinates": {
      "AC": [
         0.320549666666667,
         1.35925666666667,
         -18.5833333333333
      ],
      "PC": [
         -0.173707333333333,
         -23.8355666666667,
         -22.9935333333333
      ],
      "infracollicular sulcus": [
         -0.722719333333333,
         -32.5621666666667,
         -31.9072333333333
      ],
      "PMJ": [
         -0.391153,
         -19.9694333333333,
         -39.045
      ],
      "superior interpeduncular fossa": [
         -0.0111924666666667,
         -11.6820333333333,
         -25.9107
      ],
      "R superior LMS": [
         11.9092333333333,
         -24.0817,
         -29.35
      ],
      "L superior LMS": [
         -12.4492666666667,
         -22.9226,
         -28.3163333333333
      ],
      "R inferior LMS": [
         10.3240333333333,
         -24.6298333333333,
         -41.2445
      ],
      "L inferior LMS": [
         -11.0394,
         -24.2364333333333,
         -39.2445
      ],
      "culmen": [
         -0.686523666666667,
         -47.4305333333333,
         -23.3439
      ],
      "intermammillary sulcus": [
         0.379431666666667,
         -7.28214666666667,
         -28.8043333333333
      ],
      "R MB": [
         1.84834333333333,
         -7.33925,
         -27.9662666666667
      ],
      "L MB": [
         -1.51991666666667,
         -7.13868333333333,
         -27.7180333333333
      ],
      "pineal gland": [
         -0.251747393666667,
         -27.6539666666667,
         -21.7303
      ],
      "R LV at AC": [
         13.0927666666667,
         -3.02026666666667,
         4.22834333333333
      ],
      "L LV at AC": [
         -11.2405666666667,
         -2.92547666666667,
         5.62594333333333
      ],
      "R LV at PC": [
         17.3244333333333,
         -28.3474,
         -0.02963148
      ],
      "L LV at PC": [
         -16.649,
         -28.0429333333333,
         0.982864
      ],
      "genu of CC": [
         0.720979333333333,
         24.3296666666667,
         -5.27346333333333
      ],
      "splenium": [
         -0.1538672,
         -35.7384,
         -18.2275666666667
      ],
      "R AL temporal horn": [
         32.5623333333333,
         -0.125578,
         -41.4765
      ],
      "L AL temporal horn": [
         -32.5213666666667,
         -0.149080303333333,
         -36.8724666666667
      ],
      "R superior AM temporal horn": [
         15.9415666666667,
         -7.13209333333333,
         -34.0644
      ],
      "L superior AM temporal horn": [
         -17.3158,
         -7.00494333333333,
         -32.2038333333333
      ],
      "R inferior AM temporal horn": [
         21.8119666666667,
         2.11316133333333,
         -42.1433
      ],
      "L inferior AM temporal horn": [
         -21.8018666666667,
         2.35176,
         -40.5271
      ],
      "R indusium griseum origin": [
         15.2202666666667,
         -41.1424333333333,
         -21.2294666666667
      ],
      "L indusium griseum origin": [
         -13.9693,
         -40.2235,
         -18.8640666666667
      ],
      "R ventral occipital horn": [
         16.9011333333333,
         -75.6100333333333,
         -29.8377333333333
      ],
      "L ventral occipital horn": [
         -18.5807666666667,
         -72.0215333333333,
         -25.9628
      ],
      "R olfactory sulcal fundus": [
         10.5848,
         16.2764,
         -21.9203
      ],
      "L olfactory sulcal fundus": [
         -11.6083333333333,
         15.9335333333333,
         -21.5246666666667
      ]
   }
}
