{
   "IntendedFor": "anat/sub-C010_acq-MP2RAGE_run-01_T1w_desc-ratermean(intended)_afids/.nii.gz",
   "FiducialsCoordinateSystem": "RAS",
   "FiducialsCoordinateUnits": "mm",
   "FiducialsCoordinateSystemDescription": "RAS orientation: Origin halfway between LPA and RPA, positive x-axis towards RPA, positive y-axis orthogonal to x-axis through Nasion,  z-axis orthogonal to xy-plane, pointing in superior direction.",
   "FiducialsCoordinates": {
      "AC": [
         1.86252333333333,
         1.53730666666667,
         -39.5368333333333
      ],
      "PC": [
         1.73954666666667,
         -21.1538333333333,
         -48.3480666666667
      ],
      "infracollicular sulcus": [
         1.65441333333333,
         -26.9366,
         -57.7552666666667
      ],
      "PMJ": [
         1.76063666666667,
         -14.1350333333333,
         -61.1959666666667
      ],
      "superior interpeduncular fossa": [
         1.68776666666667,
         -8.59622333333333,
         -48.4986333333333
      ],
      "R superior LMS": [
         13.3737333333333,
         -19.1415,
         -54.1016666666667
      ],
      "L superior LMS": [
         -8.78565,
         -19.7884,
         -54.0260333333333
      ],
      "R inferior LMS": [
         11.2479,
         -18.0023,
         -63.9211333333333
      ],
      "L inferior LMS": [
         -6.57904,
         -17.7522666666667,
         -63.6410666666667
      ],
      "culmen": [
         0.972172333333333,
         -43.5135,
         -55.5634
      ],
      "intermammillary sulcus": [
         1.71418666666667,
         -3.96972666666667,
         -48.6871
      ],
      "R MB": [
         4.05961333333333,
         -4.13822,
         -48.2342333333333
      ],
      "L MB": [
         -0.250191666666667,
         -3.86451333333333,
         -48.9695333333333
      ],
      "pineal gland": [
         1.67646666666667,
         -25.7777666666667,
         -47.6273333333333
      ],
      "R LV at AC": [
         16.8757666666667,
         -5.17465,
         -11.2432333333333
      ],
      "L LV at AC": [
         -13.3476,
         -5.7072,
         -11.9743333333333
      ],
      "R LV at PC": [
         18.1737666666667,
         -33.0519666666667,
         -19.9297666666667
      ],
      "L LV at PC": [
         -13.2835,
         -32.7527666666667,
         -21.1189
      ],
      "genu of CC": [
         2.98043,
         27.3716666666667,
         -19.9415
      ],
      "splenium": [
         1.57382,
         -31.9685,
         -47.4179333333333
      ],
      "R AL temporal horn": [
         33.0257,
         5.50301666666667,
         -59.2383333333333
      ],
      "L AL temporal horn": [
         -28.4029666666667,
         4.01791666666667,
         -57.6090333333333
      ],
      "R superior AM temporal horn": [
         19.9481666666667,
         -4.2295,
         -53.4677666666667
      ],
      "L superior AM temporal horn": [
         -14.3979,
         -3.61101666666667,
         -53.0094333333333
      ],
      "R inferior AM temporal horn": [
         19.7453333333333,
         5.57631333333333,
         -59.0430666666667
      ],
      "L inferior AM temporal horn": [
         -17.4434666666667,
         10.3383233333333,
         -60.5667666666667
      ],
      "R indusium griseum origin": [
         15.5044666666667,
         -36.3366,
         -50.3335
      ],
      "L indusium griseum origin": [
         -11.8643,
         -40.6197666666667,
         -52.2729
      ],
      "R ventral occipital horn": [
         20.8474,
         -73.4802333333333,
         -65.6227666666667
      ],
      "L ventral occipital horn": [
         -13.8175333333333,
         -74.0543,
         -69.9068666666667
      ],
      "R olfactory sulcal fundus": [
         12.7539333333333,
         17.9623333333333,
         -37.1078333333333
      ],
      "L olfactory sulcal fundus": [
         -10.1029133333333,
         17.6612333333333,
         -38.0055666666667
      ]
   }
}
