{
   "IntendedFor": "anat/sub-C023_acq-MP2RAGE_run-01_T1w_desc-ratermean(intended)_afids/.nii.gz",
   "FiducialsCoordinateSystem": "RAS",
   "FiducialsCoordinateUnits": "mm",
   "FiducialsCoordinateSystemDescription": "RAS orientation: Origin halfway between LPA and RPA, positive x-axis towards RPA, positive y-axis orthogonal to x-axis through Nasion,  z-axis orthogonal to xy-plane, pointing in superior direction.",
   "FiducialsCoordinates": {
      "AC": [
         2.84132666666667,
         6.31105333333333,
         -21.9829333333333
      ],
      "PC": [
         2.77421666666667,
         -19.7991333333333,
         -26.2938
      ],
      "infracollicular sulcus": [
         2.45588666666667,
         -30.7818,
         -35.3789
      ],
      "PMJ": [
         2.59245333333333,
         -16.8577,
         -43.3167333333333
      ],
      "superior interpeduncular fossa": [
         2.87961,
         -6.34697,
         -31.1322333333333
      ],
      "R superior LMS": [
         13.8544666666667,
         -19.6039666666667,
         -33.4775
      ],
      "L superior LMS": [
         -7.37006666666667,
         -19.0942,
         -32.9865333333333
      ],
      "R inferior LMS": [
         11.7297,
         -22.4360666666667,
         -44.4095
      ],
      "L inferior LMS": [
         -6.97937333333333,
         -21.8914333333333,
         -43.7879333333333
      ],
      "culmen": [
         2.49849,
         -49.8861333333333,
         -28.8884666666667
      ],
      "intermammillary sulcus": [
         2.98525666666667,
         -1.13796,
         -33.7839
      ],
      "R MB": [
         5.02841,
         -1.24919566666667,
         -33.5380333333333
      ],
      "L MB": [
         0.845014666666667,
         -1.106843,
         -32.5951666666667
      ],
      "pineal gland": [
         2.82206666666667,
         -25.2255666666667,
         -24.7345
      ],
      "R LV at AC": [
         18.9650666666667,
         1.96982666666667,
         4.66710666666667
      ],
      "L LV at AC": [
         -13.4185333333333,
         1.89026333333333,
         5.05156
      ],
      "R LV at PC": [
         19.3528666666667,
         -24.4083666666667,
         1.85121666666667
      ],
      "L LV at PC": [
         -14.8020666666667,
         -24.412,
         1.91413
      ],
      "genu of CC": [
         3.70842,
         29.2189333333333,
         -6.52867333333333
      ],
      "splenium": [
         3.25192666666667,
         -34.6017333333333,
         -20.3179333333333
      ],
      "R AL temporal horn": [
         31.2336333333333,
         2.14283133333333,
         -46.6644
      ],
      "L AL temporal horn": [
         -27.5672,
         2.92581066666667,
         -43.8203
      ],
      "R superior AM temporal horn": [
         19.2442,
         -2.94318666666667,
         -35.3982666666667
      ],
      "L superior AM temporal horn": [
         -15.0417666666667,
         -2.97448,
         -34.7784333333333
      ],
      "R inferior AM temporal horn": [
         21.0027333333333,
         3.85790666666667,
         -43.5618666666667
      ],
      "L inferior AM temporal horn": [
         -16.1793,
         5.82365333333333,
         -43.5418333333333
      ],
      "R indusium griseum origin": [
         12.3877,
         -34.4206333333333,
         -23.2326
      ],
      "L indusium griseum origin": [
         -5.01947333333333,
         -34.7359666666667,
         -24.0955333333333
      ],
      "R ventral occipital horn": [
         20.4768333333333,
         -71.4680333333333,
         -32.9555666666667
      ],
      "L ventral occipital horn": [
         -18.2283,
         -77.6882333333333,
         -29.9460666666667
      ],
      "R olfactory sulcal fundus": [
         15.0216666666667,
         22.4850666666667,
         -24.8677666666667
      ],
      "L olfactory sulcal fundus": [
         -10.2503,
         21.7173,
         -25.4373666666667
      ]
   }
}
