{
   "IntendedFor": "anat/sub-C024_acq-MP2RAGE_run-01_T1w_desc-ratermean(intended)_afids/.nii.gz",
   "FiducialsCoordinateSystem": "RAS",
   "FiducialsCoordinateUnits": "mm",
   "FiducialsCoordinateSystemDescription": "RAS orientation: Origin halfway between LPA and RPA, positive x-axis towards RPA, positive y-axis orthogonal to x-axis through Nasion,  z-axis orthogonal to xy-plane, pointing in superior direction.",
   "FiducialsCoordinates": {
      "AC": [
         4.81331666666667,
         4.29777666666667,
         -12.0187333333333
      ],
      "PC": [
         3.78116333333333,
         -20.421,
         -16.2538333333333
      ],
      "infracollicular sulcus": [
         3.46867,
         -28.9081666666667,
         -24.4686
      ],
      "PMJ": [
         3.84054,
         -14.7663333333333,
         -31.0743333333333
      ],
      "superior interpeduncular fossa": [
         4.26832333333333,
         -8.32447666666667,
         -19.8093
      ],
      "R superior LMS": [
         14.9114,
         -20.6533,
         -22.5876666666667
      ],
      "L superior LMS": [
         -8.37391666666667,
         -20.1638,
         -22.9795666666667
      ],
      "R inferior LMS": [
         13.2937666666667,
         -21.6133,
         -34.5774333333333
      ],
      "L inferior LMS": [
         -6.37732,
         -21.4019,
         -34.1755
      ],
      "culmen": [
         1.656342,
         -47.4145,
         -14.9108666666667
      ],
      "intermammillary sulcus": [
         4.48631333333333,
         -3.14441333333333,
         -23.9563
      ],
      "R MB": [
         6.79134333333333,
         -3.25319666666667,
         -22.8519333333333
      ],
      "L MB": [
         2.8633,
         -3.90026666666667,
         -21.81
      ],
      "pineal gland": [
         4.13686666666667,
         -25.6005666666667,
         -13.5925666666667
      ],
      "R LV at AC": [
         19.1826,
         -0.809553,
         14.1601666666667
      ],
      "L LV at AC": [
         -11.3051,
         0.641985333333333,
         12.3794666666667
      ],
      "R LV at PC": [
         22.8627,
         -25.1843333333333,
         6.89269666666667
      ],
      "L LV at PC": [
         -15.4858666666667,
         -23.648,
         5.90531
      ],
      "genu of CC": [
         5.78944333333333,
         31.9300666666667,
         -1.65887766666667
      ],
      "splenium": [
         3.89357,
         -29.4466333333333,
         -10.3663433333333
      ],
      "R AL temporal horn": [
         37.3877,
         -0.918320833333333,
         -29.2893666666667
      ],
      "L AL temporal horn": [
         -28.3990666666667,
         -1.64386966666667,
         -30.5396333333333
      ],
      "R superior AM temporal horn": [
         21.4035,
         -4.15093666666667,
         -24.7296333333333
      ],
      "L superior AM temporal horn": [
         -11.9430333333333,
         -4.10289333333333,
         -26.3786
      ],
      "R inferior AM temporal horn": [
         23.4339,
         2.18349766666667,
         -35.3464333333333
      ],
      "L inferior AM temporal horn": [
         -16.8147666666667,
         1.795545,
         -36.4939
      ],
      "R indusium griseum origin": [
         20.0906666666667,
         -35.1162333333333,
         -11.3249666666667
      ],
      "L indusium griseum origin": [
         -17.2482666666667,
         -38.7576,
         -14.8275333333333
      ],
      "R ventral occipital horn": [
         17.1892333333333,
         -74.0014333333333,
         -23.7934666666667
      ],
      "L ventral occipital horn": [
         -20.0135333333333,
         -77.8539333333333,
         -24.547
      ],
      "R olfactory sulcal fundus": [
         17.5257333333333,
         19.4395666666667,
         -18.2727
      ],
      "L olfactory sulcal fundus": [
         -5.15147333333333,
         18.2130333333333,
         -18.5897666666667
      ]
   }
}
