{
   "IntendedFor": "anat/sub-C034_acq-MP2RAGE_run-01_T1w_desc-ratermean(intended)_afids/.nii.gz",
   "FiducialsCoordinateSystem": "RAS",
   "FiducialsCoordinateUnits": "mm",
   "FiducialsCoordinateSystemDescription": "RAS orientation: Origin halfway between LPA and RPA, positive x-axis towards RPA, positive y-axis orthogonal to x-axis through Nasion,  z-axis orthogonal to xy-plane, pointing in superior direction.",
   "FiducialsCoordinates": {
      "AC": [
         0.694880666666667,
         -2.90761,
         -6.55017
      ],
      "PC": [
         2.49151333333333,
         -26.6154333333333,
         -14.3928
      ],
      "infracollicular sulcus": [
         3.01156666666667,
         -34.5602,
         -24.7043333333333
      ],
      "PMJ": [
         1.62876466666667,
         -22.1115333333333,
         -30.7313333333333
      ],
      "superior interpeduncular fossa": [
         1.46411666666667,
         -14.5157666666667,
         -16.1665666666667
      ],
      "R superior LMS": [
         14.0437,
         -24.4662333333333,
         -21.7584
      ],
      "L superior LMS": [
         -10.1338466666667,
         -27.6233333333333,
         -21.6215333333333
      ],
      "R inferior LMS": [
         12.8338666666667,
         -24.6126666666667,
         -32.0797666666667
      ],
      "L inferior LMS": [
         -7.81383,
         -27.6416666666667,
         -30.3229
      ],
      "culmen": [
         2.41204066666667,
         -49.3143333333333,
         -18.3971
      ],
      "intermammillary sulcus": [
         0.854054,
         -9.61301,
         -18.486
      ],
      "R MB": [
         3.23355666666667,
         -9.48213666666667,
         -17.5438666666667
      ],
      "L MB": [
         -1.047334,
         -10.1019066666667,
         -17.6002
      ],
      "pineal gland": [
         2.91339,
         -30.5407666666667,
         -14.1103
      ],
      "R LV at AC": [
         16.5746,
         -8.56512,
         15.3418666666667
      ],
      "L LV at AC": [
         -15.8217666666667,
         -10.5635066666667,
         14.4468666666667
      ],
      "R LV at PC": [
         23.6802,
         -31.8583333333333,
         6.35515
      ],
      "L LV at PC": [
         -18.6617666666667,
         -35.5650666666667,
         7.29430666666667
      ],
      "genu of CC": [
         -1.36554666666667,
         22.8043333333333,
         5.91712
      ],
      "splenium": [
         2.91647666666667,
         -36.037,
         -11.5767
      ],
      "R AL temporal horn": [
         33.9974333333333,
         1.95527666666667,
         -27.2526333333333
      ],
      "L AL temporal horn": [
         -33.2845333333333,
         -8.51344666666667,
         -26.3655333333333
      ],
      "R superior AM temporal horn": [
         18.9351,
         -7.5772,
         -21.0535
      ],
      "L superior AM temporal horn": [
         -20.2328,
         -15.6661666666667,
         -19.3877666666667
      ],
      "R inferior AM temporal horn": [
         20.8053,
         0.990747666666667,
         -29.1387
      ],
      "L inferior AM temporal horn": [
         -21.1518,
         -6.54964333333333,
         -28.5950666666667
      ],
      "R indusium griseum origin": [
         17.6024666666667,
         -36.9475,
         -14.3679666666667
      ],
      "L indusium griseum origin": [
         -16.6306,
         -43.5393333333333,
         -16.401
      ],
      "R ventral occipital horn": [
         21.2131,
         -68.9299666666667,
         -28.0842333333333
      ],
      "L ventral occipital horn": [
         -24.3602,
         -71.2853333333333,
         -28.7590666666667
      ],
      "R olfactory sulcal fundus": [
         11.3482,
         15.1629,
         -7.89672333333333
      ],
      "L olfactory sulcal fundus": [
         -11.6616,
         9.05165666666667,
         -9.66619333333333
      ]
   }
}
