{
   "IntendedFor": "anat/sub-C026_acq-MP2RAGE_run-01_T1w_desc-ratermean(intended)_afids/.nii.gz",
   "FiducialsCoordinateSystem": "RAS",
   "FiducialsCoordinateUnits": "mm",
   "FiducialsCoordinateSystemDescription": "RAS orientation: Origin halfway between LPA and RPA, positive x-axis towards RPA, positive y-axis orthogonal to x-axis through Nasion,  z-axis orthogonal to xy-plane, pointing in superior direction.",
   "FiducialsCoordinates": {
      "AC": [
         2.09997333333333,
         3.66760333333333,
         -8.2459
      ],
      "PC": [
         1.20334833333333,
         -20.9220333333333,
         -15.6641333333333
      ],
      "infracollicular sulcus": [
         1.36888,
         -28.644,
         -26.3263333333333
      ],
      "PMJ": [
         1.92440666666667,
         -14.7139666666667,
         -30.2509
      ],
      "superior interpeduncular fossa": [
         1.73396666666667,
         -9.84625666666667,
         -16.8698666666667
      ],
      "R superior LMS": [
         13.4073,
         -20.4645666666667,
         -22.9002333333333
      ],
      "L superior LMS": [
         -9.47604666666667,
         -20.2380666666667,
         -23.9898333333333
      ],
      "R inferior LMS": [
         12.0706666666667,
         -18.8959,
         -32.8573666666667
      ],
      "L inferior LMS": [
         -8.81377333333333,
         -18.7968,
         -33.7510333333333
      ],
      "culmen": [
         0.323044,
         -46.4979666666667,
         -24.5696
      ],
      "intermammillary sulcus": [
         1.98804,
         -0.906363333333333,
         -17.7632333333333
      ],
      "R MB": [
         3.59411333333333,
         -1.72551666666667,
         -17.0038333333333
      ],
      "L MB": [
         0.0756625666666667,
         -1.22712333333333,
         -16.5072333333333
      ],
      "pineal gland": [
         1.08125066666667,
         -25.6882666666667,
         -15.6867
      ],
      "R LV at AC": [
         14.5059,
         -4.29807333333333,
         17.2563
      ],
      "L LV at AC": [
         -12.5869,
         -3.12884,
         16.2188
      ],
      "R LV at PC": [
         16.6690666666667,
         -29.5581333333333,
         11.4352666666667
      ],
      "L LV at PC": [
         -16.185,
         -27.8886,
         9.54318666666667
      ],
      "genu of CC": [
         2.91810666666667,
         27.9608333333333,
         9.05999333333333
      ],
      "splenium": [
         0.966134,
         -35.2794,
         -17.0514
      ],
      "R AL temporal horn": [
         35.0603,
         2.2592022,
         -28.3692666666667
      ],
      "L AL temporal horn": [
         -30.4749666666667,
         3.3831,
         -29.7663
      ],
      "R superior AM temporal horn": [
         20.8961,
         -6.27286,
         -23.4811333333333
      ],
      "L superior AM temporal horn": [
         -17.3066333333333,
         -4.37234,
         -22.9033666666667
      ],
      "R inferior AM temporal horn": [
         22.0388666666667,
         6.98812666666667,
         -30.7485
      ],
      "L inferior AM temporal horn": [
         -16.7074333333333,
         8.03553,
         -31.8597666666667
      ],
      "R indusium griseum origin": [
         18.5301666666667,
         -38.3057333333333,
         -21.1390666666667
      ],
      "L indusium griseum origin": [
         -15.7102666666667,
         -35.6072666666667,
         -21.4512666666667
      ],
      "R ventral occipital horn": [
         17.0220666666667,
         -70.8233,
         -28.7518333333333
      ],
      "L ventral occipital horn": [
         -20.8138666666667,
         -65.4248333333333,
         -30.9735666666667
      ],
      "R olfactory sulcal fundus": [
         15.0377333333333,
         16.8540333333333,
         -10.6098266666667
      ],
      "L olfactory sulcal fundus": [
         -10.8010333333333,
         19.8060333333333,
         -11.7132
      ]
   }
}
