{
   "IntendedFor": "anat/sub-C028_acq-MP2RAGE_run-01_T1w_desc-ratermean(intended)_afids/.nii.gz",
   "FiducialsCoordinateSystem": "RAS",
   "FiducialsCoordinateUnits": "mm",
   "FiducialsCoordinateSystemDescription": "RAS orientation: Origin halfway between LPA and RPA, positive x-axis towards RPA, positive y-axis orthogonal to x-axis through Nasion,  z-axis orthogonal to xy-plane, pointing in superior direction.",
   "FiducialsCoordinates": {
      "AC": [
         1.99522,
         5.99680333333333,
         -32.8849333333333
      ],
      "PC": [
         1.92592333333333,
         -20.8288333333333,
         -37.7133333333333
      ],
      "infracollicular sulcus": [
         1.63618,
         -31.0006666666667,
         -47.8427666666667
      ],
      "PMJ": [
         1.70233,
         -16.1755666666667,
         -52.5027
      ],
      "superior interpeduncular fossa": [
         1.92205666666667,
         -8.55031666666667,
         -40.4362333333333
      ],
      "R superior LMS": [
         14.1454333333333,
         -20.1167333333333,
         -44.4253666666667
      ],
      "L superior LMS": [
         -10.82547,
         -22.363,
         -44.2569666666667
      ],
      "R inferior LMS": [
         11.804,
         -22.2097666666667,
         -54.5953666666667
      ],
      "L inferior LMS": [
         -9.16353,
         -23.8266,
         -54.3875666666667
      ],
      "culmen": [
         1.67624,
         -50.9258666666667,
         -45.8950666666667
      ],
      "intermammillary sulcus": [
         1.97494333333333,
         -3.46074,
         -43.1956
      ],
      "R MB": [
         4.42246666666667,
         -3.46709666666667,
         -42.3011333333333
      ],
      "L MB": [
         -0.767553,
         -3.56458,
         -43.0031
      ],
      "pineal gland": [
         2.21534333333333,
         -27.4917666666667,
         -37.7933333333333
      ],
      "R LV at AC": [
         18.8286,
         1.138593,
         -6.14389666666667
      ],
      "L LV at AC": [
         -14.9289,
         1.41334833333333,
         -5.91679
      ],
      "R LV at PC": [
         20.8535333333333,
         -25.3547666666667,
         -12.9429
      ],
      "L LV at PC": [
         -16.7302333333333,
         -25.0431333333333,
         -12.9160333333333
      ],
      "genu of CC": [
         2.51059333333333,
         34.6149666666667,
         -17.5263
      ],
      "splenium": [
         1.53015,
         -35.8837,
         -34.2714
      ],
      "R AL temporal horn": [
         31.3654333333333,
         2.99997,
         -57.3337
      ],
      "L AL temporal horn": [
         -29.3498333333333,
         2.11696,
         -55.0254
      ],
      "R superior AM temporal horn": [
         20.9608666666667,
         -5.2397,
         -46.8915666666667
      ],
      "L superior AM temporal horn": [
         -17.0861,
         -7.18408666666667,
         -45.2103
      ],
      "R inferior AM temporal horn": [
         20.7405,
         2.31074,
         -59.0590333333333
      ],
      "L inferior AM temporal horn": [
         -19.2195,
         1.546381,
         -57.0525
      ],
      "R indusium griseum origin": [
         14.8593,
         -35.1072666666667,
         -38.274
      ],
      "L indusium griseum origin": [
         -15.4071,
         -40.0082333333333,
         -38.6226666666667
      ],
      "R ventral occipital horn": [
         20.3891333333333,
         -71.9442333333333,
         -49.0934
      ],
      "L ventral occipital horn": [
         -20.1909666666667,
         -75.0451666666667,
         -49.7575333333333
      ],
      "R olfactory sulcal fundus": [
         13.7859,
         21.7271333333333,
         -36.0993666666667
      ],
      "L olfactory sulcal fundus": [
         -9.16751666666667,
         19.5400333333333,
         -34.9648666666667
      ]
   }
}
