{
   "IntendedFor": "anat/sub-C022_acq-MP2RAGE_run-01_T1w_desc-ratermean(intended)_afids/.nii.gz",
   "FiducialsCoordinateSystem": "RAS",
   "FiducialsCoordinateUnits": "mm",
   "FiducialsCoordinateSystemDescription": "RAS orientation: Origin halfway between LPA and RPA, positive x-axis towards RPA, positive y-axis orthogonal to x-axis through Nasion,  z-axis orthogonal to xy-plane, pointing in superior direction.",
   "FiducialsCoordinates": {
      "AC": [
         0.923554333333333,
         4.64381,
         -33.4148666666667
      ],
      "PC": [
         1.68135666666667,
         -19.0485333333333,
         -47.3805666666667
      ],
      "infracollicular sulcus": [
         2.09735333333333,
         -23.6165333333333,
         -55.7126333333333
      ],
      "PMJ": [
         2.04724666666667,
         -9.54959666666667,
         -60.5020666666667
      ],
      "superior interpeduncular fossa": [
         1.54050666666667,
         -4.38248,
         -45.2667666666667
      ],
      "R superior LMS": [
         12.7409666666667,
         -15.46,
         -51.9883
      ],
      "L superior LMS": [
         -9.73902333333333,
         -16.4132,
         -53.2057
      ],
      "R inferior LMS": [
         11.8452,
         -13.1665333333333,
         -62.438
      ],
      "L inferior LMS": [
         -7.89694,
         -12.8699333333333,
         -62.6373333333333
      ],
      "culmen": [
         1.82202333333333,
         -42.3596666666667,
         -57.2037666666667
      ],
      "intermammillary sulcus": [
         1.17640966666667,
         1.20106766666667,
         -45.9502333333333
      ],
      "R MB": [
         2.98232333333333,
         1.014045,
         -45.1492666666667
      ],
      "L MB": [
         -0.616900666666667,
         0.476553666666667,
         -45.4615333333333
      ],
      "pineal gland": [
         1.87276333333333,
         -25.1540333333333,
         -46.8227
      ],
      "R LV at AC": [
         13.8109333333333,
         -7.07017333333333,
         -12.7733333333333
      ],
      "L LV at AC": [
         -14.4578666666667,
         -5.75377666666667,
         -14.3036666666667
      ],
      "R LV at PC": [
         19.3727,
         -31.3404666666667,
         -25.4971666666667
      ],
      "L LV at PC": [
         -15.9889,
         -31.0854333333333,
         -27.8491666666667
      ],
      "genu of CC": [
         0.68433,
         25.6751666666667,
         -9.24580666666667
      ],
      "splenium": [
         1.86134333333333,
         -27.8724,
         -44.4328666666667
      ],
      "R AL temporal horn": [
         33.9768,
         9.80725,
         -51.9588333333333
      ],
      "L AL temporal horn": [
         -29.5558333333333,
         8.35704666666667,
         -55.6345
      ],
      "R superior AM temporal horn": [
         16.8561666666667,
         0.313959666666667,
         -46.9559333333333
      ],
      "L superior AM temporal horn": [
         -14.7244666666667,
         1.40248,
         -48.5857
      ],
      "R inferior AM temporal horn": [
         22.4274666666667,
         11.524,
         -52.5689
      ],
      "L inferior AM temporal horn": [
         -18.7373,
         10.9332666666667,
         -54.7871666666667
      ],
      "R indusium griseum origin": [
         17.1941,
         -32.3194666666667,
         -47.2688
      ],
      "L indusium griseum origin": [
         -12.6232333333333,
         -37.8807666666667,
         -50.0295666666667
      ],
      "R ventral occipital horn": [
         21.4705,
         -64.5383666666667,
         -70.5783333333333
      ],
      "L ventral occipital horn": [
         -13.6435666666667,
         -69.8538333333333,
         -79.0054
      ],
      "R olfactory sulcal fundus": [
         12.9794666666667,
         21.3264,
         -27.27
      ],
      "L olfactory sulcal fundus": [
         -11.3890333333333,
         20.4895666666667,
         -29.1099333333333
      ]
   }
}
