{
   "IntendedFor": "anat/sub-C016_acq-MP2RAGE_run-01_T1w_desc-ratermean(intended)_afids/.nii.gz",
   "FiducialsCoordinateSystem": "RAS",
   "FiducialsCoordinateUnits": "mm",
   "FiducialsCoordinateSystemDescription": "RAS orientation: Origin halfway between LPA and RPA, positive x-axis towards RPA, positive y-axis orthogonal to x-axis through Nasion,  z-axis orthogonal to xy-plane, pointing in superior direction.",
   "FiducialsCoordinates": {
      "AC": [
         -1.34336666666667,
         12.7841,
         -11.1285666666667
      ],
      "PC": [
         -0.303839666666667,
         -12.0594333333333,
         -14.3518333333333
      ],
      "infracollicular sulcus": [
         -0.034556,
         -20.7494333333333,
         -22.6005333333333
      ],
      "PMJ": [
         -0.587297,
         -6.40134666666667,
         -29.0485333333333
      ],
      "superior interpeduncular fossa": [
         -0.923698333333333,
         0.709483333333333,
         -19.2079333333333
      ],
      "R superior LMS": [
         11.3949,
         -10.4759333333333,
         -21.3366333333333
      ],
      "L superior LMS": [
         -12.8246,
         -12.0352,
         -21.1533
      ],
      "R inferior LMS": [
         9.28426666666667,
         -11.9113,
         -30.5312333333333
      ],
      "L inferior LMS": [
         -10.1838333333333,
         -12.5412,
         -30.3335
      ],
      "culmen": [
         0.511166333333333,
         -44.6076,
         -12.5834
      ],
      "intermammillary sulcus": [
         -1.12771233333333,
         5.54523666666667,
         -21.7859666666667
      ],
      "R MB": [
         0.776610333333333,
         5.77626,
         -20.8256666666667
      ],
      "L MB": [
         -2.81476,
         5.50163,
         -20.8455666666667
      ],
      "pineal gland": [
         0.049096,
         -16.1591,
         -11.6962333333333
      ],
      "R LV at AC": [
         10.9048,
         10.0146933333333,
         14.1124666666667
      ],
      "L LV at AC": [
         -14.4704,
         8.95465333333333,
         14.0914
      ],
      "R LV at PC": [
         16.2689333333333,
         -14.7816666666667,
         11.9017666666667
      ],
      "L LV at PC": [
         -16.7776333333333,
         -16.1936333333333,
         12.1179
      ],
      "genu of CC": [
         -1.44732326666667,
         36.4532333333333,
         2.74498666666667
      ],
      "splenium": [
         0.17855,
         -28.6021,
         -9.26825666666667
      ],
      "R AL temporal horn": [
         29.0959666666667,
         9.62511333333333,
         -31.0718333333333
      ],
      "L AL temporal horn": [
         -30.4272666666667,
         6.48709333333333,
         -31.5728
      ],
      "R superior AM temporal horn": [
         13.7965,
         5.10829333333333,
         -25.2881666666667
      ],
      "L superior AM temporal horn": [
         -17.1819666666667,
         3.21024666666667,
         -23.8840333333333
      ],
      "R inferior AM temporal horn": [
         17.9311333333333,
         11.2732166666667,
         -33.4757
      ],
      "L inferior AM temporal horn": [
         -18.5348,
         10.5295633333333,
         -33.5392
      ],
      "R indusium griseum origin": [
         11.1843,
         -27.087,
         -12.0817
      ],
      "L indusium griseum origin": [
         -15.0674,
         -34.3295666666667,
         -10.3663666666667
      ],
      "R ventral occipital horn": [
         31.00095,
         -43.0729,
         -16.99695
      ],
      "L ventral occipital horn": [
         -25.8047,
         -53.6165,
         -18.0637
      ],
      "R olfactory sulcal fundus": [
         8.77822,
         27.3307333333333,
         -14.1918
      ],
      "L olfactory sulcal fundus": [
         -13.6672,
         26.3640666666667,
         -13.9577
      ]
   }
}
