{
    "IntendedFor": "anat/sub-C006_acq-MP2RAGE_run-01_T1w.nii.gz",
    "FiducialsCoordinateSystem": "RAS",
    "FiducialsCoordinateUnits": "mm",
    "FiducialsCoordinateSystemDescription": "RAS orientation: Origin halfway between LPA and RPA, positive x-axis towards RPA, positive y-axis orthogonal to x-axis through Nasion,  z-axis orthogonal to xy-plane, pointing in superior direction.",
    "FiducialsCoordinates": {
        "AC": [
            1.131627,
            14.0060333333333,
            -14.3918333333333
        ],
        "PC": [
            1.49488,
            -12.3431333333333,
            -16.6753666666667
        ],
        "infracollicular sulcus": [
            1.37062666666667,
            -20.8307,
            -23.8858333333333
        ],
        "PMJ": [
            1.13572166666667,
            -7.23991,
            -29.9484
        ],
        "superior interpeduncular fossa": [
            1.36831666666667,
            -0.399456,
            -20.3452666666667
        ],
        "R superior LMS": [
            12.7519666666667,
            -12.4480666666667,
            -22.4762666666667
        ],
        "L superior LMS": [
            -10.5117666666667,
            -10.4370333333333,
            -21.0599666666667
        ],
        "R inferior LMS": [
            10.3415666666667,
            -13.7396333333333,
            -32.6524666666667
        ],
        "L inferior LMS": [
            -8.17679,
            -13.5695333333333,
            -32.8854666666667
        ],
        "culmen": [
            1.41752366666667,
            -38.4003333333333,
            -17.8123
        ],
        "intermammillary sulcus": [
            1.27836,
            5.01256666666667,
            -22.0258
        ],
        "R MB": [
            2.95476,
            4.68731,
            -21.986
        ],
        "L MB": [
            -0.681540666666667,
            5.04333666666667,
            -21.9169666666667
        ],
        "pineal gland": [
            2.15173,
            -20.3739333333333,
            -14.3648
        ],
        "R LV at AC": [
            15.8532666666667,
            12.3614,
            9.83217333333333
        ],
        "L LV at AC": [
            -10.8188333333333,
            11.8510666666667,
            11.5085
        ],
        "R LV at PC": [
            19.1112,
            -13.5275666666667,
            8.79499666666667
        ],
        "L LV at PC": [
            -11.8679666666667,
            -16.0935666666667,
            11.9286
        ],
        "genu of CC": [
            1.82536,
            36.4211,
            -2.91408666666667
        ],
        "splenium": [
            2.87431666666667,
            -27.5300666666667,
            -9.77320333333333
        ],
        "R AL temporal horn": [
            29.5027333333333,
            7.27880666666667,
            -31.7803
        ],
        "L AL temporal horn": [
            -28.4067333333333,
            7.82222333333333,
            -31.1183333333333
        ],
        "R superior AM temporal horn": [
            20.2354,
            4.43269,
            -27.0974
        ],
        "L superior AM temporal horn": [
            -15.7721,
            4.00216666666667,
            -24.5654
        ],
        "R inferior AM temporal horn": [
            18.2656666666667,
            9.47960333333333,
            -33.9993333333333
        ],
        "L inferior AM temporal horn": [
            -16.1989333333333,
            10.88718,
            -33.5200666666667
        ],
        "R indusium griseum origin": [
            14.7079333333333,
            -29.507,
            -14.5597
        ],
        "L indusium griseum origin": [
            -9.84433333333333,
            -28.7621666666667,
            -13.1165666666667
        ],
        "R ventral occipital horn": [
            21.5064666666667,
            -61.0408,
            -20.1293666666667
        ],
        "L ventral occipital horn": [
            -12.9719666666667,
            -61.0991333333333,
            -17.7737
        ],
        "R olfactory sulcal fundus": [
            10.34499,
            30.4211,
            -15.1196333333333
        ],
        "L olfactory sulcal fundus": [
            -10.2889066666667,
            29.7166666666667,
            -16.1644
        ]
    }
}
