{
   "IntendedFor": "anat/sub-C029_acq-MP2RAGE_run-01_T1w_desc-ratermean(intended)_afids/.nii.gz",
   "FiducialsCoordinateSystem": "RAS",
   "FiducialsCoordinateUnits": "mm",
   "FiducialsCoordinateSystemDescription": "RAS orientation: Origin halfway between LPA and RPA, positive x-axis towards RPA, positive y-axis orthogonal to x-axis through Nasion,  z-axis orthogonal to xy-plane, pointing in superior direction.",
   "FiducialsCoordinates": {
      "AC": [
         2.78512666666667,
         8.73093333333333,
         -38.8252333333333
      ],
      "PC": [
         0.494209,
         -19.4293333333333,
         -46.5247333333333
      ],
      "infracollicular sulcus": [
         -0.680267333333333,
         -27.5182666666667,
         -58.0146
      ],
      "PMJ": [
         0.379888333333333,
         -11.9915,
         -63.3931333333333
      ],
      "superior interpeduncular fossa": [
         1.53254333333333,
         -3.84096666666667,
         -49.2084666666667
      ],
      "R superior LMS": [
         10.4681266666667,
         -19.9485333333333,
         -55.4491333333333
      ],
      "L superior LMS": [
         -10.4053333333333,
         -18.2476333333333,
         -54.5796666666667
      ],
      "R inferior LMS": [
         10.8200933333333,
         -19.5646333333333,
         -66.3733333333333
      ],
      "L inferior LMS": [
         -10.9822333333333,
         -17.4457666666667,
         -64.7937666666667
      ],
      "culmen": [
         -1.87562666666667,
         -41.4570666666667,
         -56.1164
      ],
      "intermammillary sulcus": [
         2.04067666666667,
         2.50317333333333,
         -52.413
      ],
      "R MB": [
         3.7815,
         2.47963666666667,
         -50.8804
      ],
      "L MB": [
         0.194325266666667,
         2.51547333333333,
         -50.7972333333333
      ],
      "pineal gland": [
         0.156835,
         -24.3204,
         -47.4616666666667
      ],
      "R LV at AC": [
         18.3615333333333,
         0.157236666666667,
         -11.7171666666667
      ],
      "L LV at AC": [
         -11.7158666666667,
         1.02080133333333,
         -10.7968
      ],
      "R LV at PC": [
         20.3343666666667,
         -27.4434666666667,
         -23.2427666666667
      ],
      "L LV at PC": [
         -17.4515333333333,
         -24.9864666666667,
         -20.9255333333333
      ],
      "genu of CC": [
         6.04791,
         30.9774333333333,
         -17.5123333333333
      ],
      "splenium": [
         0.0202286666666667,
         -31.2468333333333,
         -46.4705666666667
      ],
      "R AL temporal horn": [
         33.8932,
         5.37428666666667,
         -58.0503666666667
      ],
      "L AL temporal horn": [
         -27.8177666666667,
         7.44994666666667,
         -56.2646666666667
      ],
      "R superior AM temporal horn": [
         19.6742666666667,
         -2.36351666666667,
         -51.6363333333333
      ],
      "L superior AM temporal horn": [
         -14.9542,
         1.2157,
         -52.0115666666667
      ],
      "R inferior AM temporal horn": [
         22.3962666666667,
         7.07104666666667,
         -58.5414666666667
      ],
      "L inferior AM temporal horn": [
         -17.2328,
         9.12715666666667,
         -58.3795
      ],
      "R indusium griseum origin": [
         13.8088333333333,
         -31.1412,
         -50.6047666666667
      ],
      "L indusium griseum origin": [
         -16.5577,
         -31.6205666666667,
         -50.3518333333333
      ],
      "R ventral occipital horn": [
         16.2752666666667,
         -70.877,
         -65.9188333333333
      ],
      "L ventral occipital horn": [
         -22.0822666666667,
         -68.501,
         -67.0314666666667
      ],
      "R olfactory sulcal fundus": [
         16.6651666666667,
         26.1847,
         -36.1999
      ],
      "L olfactory sulcal fundus": [
         -8.97783666666667,
         27.4106333333333,
         -36.7314
      ]
   }
}
