{
   "IntendedFor": "anat/sub-C021_acq-MP2RAGE_run-01_T1w_desc-ratermean(intended)_afids/.nii.gz",
   "FiducialsCoordinateSystem": "RAS",
   "FiducialsCoordinateUnits": "mm",
   "FiducialsCoordinateSystemDescription": "RAS orientation: Origin halfway between LPA and RPA, positive x-axis towards RPA, positive y-axis orthogonal to x-axis through Nasion,  z-axis orthogonal to xy-plane, pointing in superior direction.",
   "FiducialsCoordinates": {
      "AC": [
         2.05406,
         5.84905,
         -4.32836333333333
      ],
      "PC": [
         0.597522333333333,
         -21.2598333333333,
         -6.13907
      ],
      "infracollicular sulcus": [
         0.540332333333333,
         -31.449,
         -13.4128666666667
      ],
      "PMJ": [
         1.84398,
         -16.9999666666667,
         -20.5670333333333
      ],
      "superior interpeduncular fossa": [
         1.58600333333333,
         -8.92617333333333,
         -10.7404666666667
      ],
      "R superior LMS": [
         12.5192,
         -22.0620333333333,
         -11.7651666666667
      ],
      "L superior LMS": [
         -10.9364333333333,
         -21.2911,
         -13.6018666666667
      ],
      "R inferior LMS": [
         10.7352,
         -24.0426333333333,
         -21.4324666666667
      ],
      "L inferior LMS": [
         -8.39752666666667,
         -22.9115,
         -22.0873666666667
      ],
      "culmen": [
         -1.05134366666667,
         -50.3256666666667,
         -6.4985
      ],
      "intermammillary sulcus": [
         2.43927666666667,
         -2.91937333333333,
         -14.0618666666667
      ],
      "R MB": [
         4.11673333333333,
         -2.92927333333333,
         -13.133
      ],
      "L MB": [
         0.919675,
         -3.1525,
         -12.9501666666667
      ],
      "pineal gland": [
         0.483364,
         -24.745,
         -5.46323
      ],
      "R LV at AC": [
         14.311,
         3.54946666666667,
         20.5829
      ],
      "L LV at AC": [
         -11.6899666666667,
         5.00501,
         18.7275333333333
      ],
      "R LV at PC": [
         16.1769666666667,
         -23.5467333333333,
         15.9790333333333
      ],
      "L LV at PC": [
         -16.9162666666667,
         -21.7909666666667,
         15.09
      ],
      "genu of CC": [
         3.41154333333333,
         36.6419,
         4.42158333333333
      ],
      "splenium": [
         -0.148151533333333,
         -32.9172333333333,
         -3.12056666666667
      ],
      "R AL temporal horn": [
         32.511,
         -3.26485333333333,
         -20.8716333333333
      ],
      "L AL temporal horn": [
         -27.8920333333333,
         -1.03709466666667,
         -22.5364
      ],
      "R superior AM temporal horn": [
         18.6487,
         -5.80612,
         -14.4668
      ],
      "L superior AM temporal horn": [
         -15.7193333333333,
         -4.84895666666667,
         -15.4515
      ],
      "R inferior AM temporal horn": [
         20.4650666666667,
         0.589138666666667,
         -25.8665666666667
      ],
      "L inferior AM temporal horn": [
         -16.1392,
         1.11004866666667,
         -27.4216333333333
      ],
      "R indusium griseum origin": [
         13.2538,
         -37.6837666666667,
         -3.50273
      ],
      "L indusium griseum origin": [
         -16.1396666666667,
         -38.678,
         -6.11277333333333
      ],
      "R ventral occipital horn": [
         13.8174,
         -74.7746333333333,
         -8.93455333333333
      ],
      "L ventral occipital horn": [
         -20.1008333333333,
         -72.3962333333333,
         -8.72696
      ],
      "R olfactory sulcal fundus": [
         14.2653,
         21.2103666666667,
         -8.50737333333333
      ],
      "L olfactory sulcal fundus": [
         -7.39783333333333,
         21.1283333333333,
         -9.60573666666667
      ]
   }
}
