{
    "IntendedFor": "anat/sub-C009_acq-MP2RAGE_run-01_T1w.nii.gz",
    "FiducialsCoordinateSystem": "RAS",
    "FiducialsCoordinateUnits": "mm",
    "FiducialsCoordinateSystemDescription": "RAS orientation: Origin halfway between LPA and RPA, positive x-axis towards RPA, positive y-axis orthogonal to x-axis through Nasion,  z-axis orthogonal to xy-plane, pointing in superior direction.",
    "FiducialsCoordinates": {
        "AC": [
            -0.378307333333333,
            13.1916666666667,
            -15.9747666666667
        ],
        "PC": [
            -0.282592333333333,
            -12.7969333333333,
            -18.9896
        ],
        "infracollicular sulcus": [
            0.244887,
            -23.6404333333333,
            -27.9371
        ],
        "PMJ": [
            0.507669,
            -9.68371666666667,
            -35.3560333333333
        ],
        "superior interpeduncular fossa": [
            0.299197666666667,
            -1.54084666666667,
            -24.4723
        ],
        "R superior LMS": [
            13.2075666666667,
            -13.0779666666667,
            -25.1095
        ],
        "L superior LMS": [
            -11.6406,
            -13.4358,
            -26.3078
        ],
        "R inferior LMS": [
            10.9516666666667,
            -16.7946,
            -36.9088
        ],
        "L inferior LMS": [
            -10.0368033333333,
            -15.7391666666667,
            -37.7038333333333
        ],
        "culmen": [
            -0.47235,
            -41.7122333333333,
            -17.3706
        ],
        "intermammillary sulcus": [
            0.352138,
            4.63821,
            -27.0897666666667
        ],
        "R MB": [
            2.11240666666667,
            4.92379666666667,
            -26.5552666666667
        ],
        "L MB": [
            -1.95076,
            4.60046333333333,
            -27.1366
        ],
        "pineal gland": [
            -0.400847333333333,
            -16.6203333333333,
            -16.7743
        ],
        "R LV at AC": [
            15.2779666666667,
            9.87484666666667,
            12.6531
        ],
        "L LV at AC": [
            -15.1235666666667,
            10.0535833333333,
            11.9166
        ],
        "R LV at PC": [
            18.6428666666667,
            -16.4030666666667,
            10.9531666666667
        ],
        "L LV at PC": [
            -18.4831,
            -16.1645333333333,
            10.1357833333333
        ],
        "genu of CC": [
            -0.808755333333333,
            41.2733333333333,
            -1.87931333333333
        ],
        "splenium": [
            -0.469595333333333,
            -26.2186333333333,
            -14.1006
        ],
        "R AL temporal horn": [
            34.3908666666667,
            12.4791,
            -38.1072666666667
        ],
        "L AL temporal horn": [
            -34.6310666666667,
            9.25496333333333,
            -38.3234333333333
        ],
        "R superior AM temporal horn": [
            18.8700666666667,
            1.73748333333333,
            -29.119
        ],
        "L superior AM temporal horn": [
            -17.5996666666667,
            2.12616666666667,
            -32.3732
        ],
        "R inferior AM temporal horn": [
            22.4555333333333,
            12.1602666666667,
            -41.2375333333333
        ],
        "L inferior AM temporal horn": [
            -21.4779,
            11.6617666666667,
            -40.8262
        ],
        "R indusium griseum origin": [
            14.0807666666667,
            -28.6450333333333,
            -17.3051666666667
        ],
        "L indusium griseum origin": [
            -16.0911333333333,
            -31.2215666666667,
            -16.5182
        ],
        "R ventral occipital horn": [
            20.6932,
            -69.8368666666667,
            -23.7758333333333
        ],
        "L ventral occipital horn": [
            -16.7707333333333,
            -73.4754,
            -25.4663666666667
        ],
        "R olfactory sulcal fundus": [
            10.6711333333333,
            30.0117666666667,
            -18.2674666666667
        ],
        "L olfactory sulcal fundus": [
            -12.7448,
            29.1298666666667,
            -19.7788666666667
        ]
    }
}
