{
   "IntendedFor": "anat/sub-C033_acq-MP2RAGE_run-01_T1w_desc-ratermean(intended)_afids/.nii.gz",
   "FiducialsCoordinateSystem": "RAS",
   "FiducialsCoordinateUnits": "mm",
   "FiducialsCoordinateSystemDescription": "RAS orientation: Origin halfway between LPA and RPA, positive x-axis towards RPA, positive y-axis orthogonal to x-axis through Nasion,  z-axis orthogonal to xy-plane, pointing in superior direction.",
   "FiducialsCoordinates": {
      "AC": [
         1.26031666666667,
         2.46078666666667,
         -5.18101666666667
      ],
      "PC": [
         0.904256,
         -23.3106,
         -13.0495333333333
      ],
      "infracollicular sulcus": [
         0.620937,
         -31.555,
         -23.8413
      ],
      "PMJ": [
         0.495874666666667,
         -16.4059333333333,
         -27.8243666666667
      ],
      "superior interpeduncular fossa": [
         0.774443666666667,
         -9.62423,
         -15.5135
      ],
      "R superior LMS": [
         12.4139,
         -21.9480666666667,
         -20.6259666666667
      ],
      "L superior LMS": [
         -11.199,
         -22.1948666666667,
         -19.8799666666667
      ],
      "R inferior LMS": [
         10.7857,
         -21.0915666666667,
         -30.0386
      ],
      "L inferior LMS": [
         -9.66989666666667,
         -21.4330333333333,
         -28.6099333333333
      ],
      "culmen": [
         0.258234,
         -51.9717333333333,
         -21.4540666666667
      ],
      "intermammillary sulcus": [
         0.804891666666667,
         -3.82187,
         -17.4933
      ],
      "R MB": [
         2.93239,
         -4.08611666666667,
         -17.0595666666667
      ],
      "L MB": [
         -1.27222,
         -4.02562333333333,
         -16.9759666666667
      ],
      "pineal gland": [
         0.965955333333333,
         -27.4641,
         -12.6088
      ],
      "R LV at AC": [
         17.9425333333333,
         -4.94474666666667,
         18.4473
      ],
      "L LV at AC": [
         -13.8682666666667,
         -4.93497333333333,
         19.4213666666667
      ],
      "R LV at PC": [
         19.7064666666667,
         -30.7309333333333,
         10.6271866666667
      ],
      "L LV at PC": [
         -15.6939,
         -31.1449333333333,
         13.0692666666667
      ],
      "genu of CC": [
         1.81116,
         25.4095666666667,
         11.9256333333333
      ],
      "splenium": [
         0.472717666666667,
         -36.7618666666667,
         -10.7639
      ],
      "R AL temporal horn": [
         33.4086333333333,
         2.06712666666667,
         -26.4564
      ],
      "L AL temporal horn": [
         -32.4225666666667,
         -1.78209333333333,
         -23.7664333333333
      ],
      "R superior AM temporal horn": [
         15.3711666666667,
         -4.85446,
         -20.0017666666667
      ],
      "L superior AM temporal horn": [
         -18.0621333333333,
         -4.86398666666667,
         -19.9571
      ],
      "R inferior AM temporal horn": [
         18.8522,
         2.14727,
         -26.3916333333333
      ],
      "L inferior AM temporal horn": [
         -17.6849,
         1.76986333333333,
         -26.1829666666667
      ],
      "R indusium griseum origin": [
         16.8717666666667,
         -38.6476666666667,
         -12.8111333333333
      ],
      "L indusium griseum origin": [
         -14.3632,
         -40.5733666666667,
         -12.8287333333333
      ],
      "R ventral occipital horn": [
         21.2727,
         -67.9107,
         -28.6716333333333
      ],
      "L ventral occipital horn": [
         -19.0188333333333,
         -71.2112666666667,
         -26.3636333333333
      ],
      "R olfactory sulcal fundus": [
         9.70634333333333,
         16.1001,
         -6.57111333333333
      ],
      "L olfactory sulcal fundus": [
         -11.5769666666667,
         17.6291333333333,
         -7.52502666666667
      ]
   }
}
