{
   "IntendedFor": "anat/sub-C031_acq-MP2RAGE_run-01_T1w_desc-ratermean(intended)_afids/.nii.gz",
   "FiducialsCoordinateSystem": "RAS",
   "FiducialsCoordinateUnits": "mm",
   "FiducialsCoordinateSystemDescription": "RAS orientation: Origin halfway between LPA and RPA, positive x-axis towards RPA, positive y-axis orthogonal to x-axis through Nasion,  z-axis orthogonal to xy-plane, pointing in superior direction.",
   "FiducialsCoordinates": {
      "AC": [
         1.40963666666667,
         -0.55384199,
         -27.1629
      ],
      "PC": [
         0.530373,
         -23.8765666666667,
         -40.8245666666667
      ],
      "infracollicular sulcus": [
         0.1783447,
         -28.2058666666667,
         -52.6186
      ],
      "PMJ": [
         0.373229,
         -14.9963333333333,
         -54.0709333333333
      ],
      "superior interpeduncular fossa": [
         1.01815066666667,
         -11.0240666666667,
         -39.0121
      ],
      "R superior LMS": [
         12.4889,
         -20.7516,
         -48.1817
      ],
      "L superior LMS": [
         -12.8899,
         -20.7100666666667,
         -47.2387333333333
      ],
      "R inferior LMS": [
         10.9838333333333,
         -18.1051333333333,
         -55.0462
      ],
      "L inferior LMS": [
         -10.1997666666667,
         -17.8329666666667,
         -55.3647
      ],
      "culmen": [
         -0.885465693333333,
         -42.1375666666667,
         -48.3812
      ],
      "intermammillary sulcus": [
         0.797904333333333,
         -6.17529333333333,
         -39.6477333333333
      ],
      "R MB": [
         3.26276666666667,
         -4.85430333333333,
         -39.6577333333333
      ],
      "L MB": [
         -1.99820333333333,
         -6.28111333333333,
         -39.0407
      ],
      "pineal gland": [
         0.0578020666666667,
         -30.1615666666667,
         -41.9349333333333
      ],
      "R LV at AC": [
         13.6343,
         -11.9573666666667,
         -8.11508333333333
      ],
      "L LV at AC": [
         -9.81611333333333,
         -10.9084666666667,
         -8.83426
      ],
      "R LV at PC": [
         18.9152666666667,
         -36.6470333333333,
         -19.8208666666667
      ],
      "L LV at PC": [
         -19.1023666666667,
         -35.8421333333333,
         -19.3651666666667
      ],
      "genu of CC": [
         2.29035666666667,
         19.8853666666667,
         -5.18727666666667
      ],
      "splenium": [
         -0.0561,
         -35.8054333333333,
         -39.3803
      ],
      "R AL temporal horn": [
         37.5128333333333,
         4.67335,
         -46.0786333333333
      ],
      "L AL temporal horn": [
         -36.1135666666667,
         2.349941,
         -42.8982333333333
      ],
      "R superior AM temporal horn": [
         20.9351333333333,
         -5.32608666666667,
         -43.141
      ],
      "L superior AM temporal horn": [
         -19.6018,
         -5.65851666666667,
         -42.6186333333333
      ],
      "R inferior AM temporal horn": [
         25.7014666666667,
         6.43679333333333,
         -46.8981
      ],
      "L inferior AM temporal horn": [
         -23.7720666666667,
         5.23889333333333,
         -45.0574666666667
      ],
      "R indusium griseum origin": [
         17.8564666666667,
         -38.3224666666667,
         -42.1762666666667
      ],
      "L indusium griseum origin": [
         -20.4982333333333,
         -38.1292666666667,
         -43.0509666666667
      ],
      "R ventral occipital horn": [
         17.4911,
         -70.4015333333333,
         -62.1026
      ],
      "L ventral occipital horn": [
         -22.559,
         -67.36835,
         -66.40295
      ],
      "R olfactory sulcal fundus": [
         14.3160666666667,
         15.2972,
         -21.7247666666667
      ],
      "L olfactory sulcal fundus": [
         -12.1652,
         15.4807333333333,
         -23.3887666666667
      ]
   }
}
